CustomerID,FirstPurchase,LastPurchase,Frequency,TotalItems,Monetary,Recency,AverageOrderValue,Tenure,Churn
12346.0,2011-01-18 10:01:00,2011-01-18 10:01:00,1,74215,77183.6,225,77183.6,225,1
12347.0,2010-12-07 14:57:00,2011-08-02 08:48:00,5,1590,2790.86,29,558.172,267,0
12348.0,2010-12-16 19:09:00,2011-04-05 10:47:00,3,2124,1487.24,148,495.74666666666667,258,0
12350.0,2011-02-02 16:01:00,2011-02-02 16:01:00,1,197,334.4,210,334.4,210,1
12352.0,2011-02-16 12:33:00,2011-03-22 16:08:00,5,254,1561.81,162,312.36199999999997,196,0
12353.0,2011-05-19 17:47:00,2011-05-19 17:47:00,1,20,89.0,104,89.0,104,1
12354.0,2011-04-21 13:11:00,2011-04-21 13:11:00,1,530,1079.4,132,1079.4,132,1
12355.0,2011-05-09 13:49:00,2011-05-09 13:49:00,1,240,459.4,114,459.4,114,1
12356.0,2011-01-18 09:50:00,2011-04-08 12:33:00,2,1586,2753.08,145,1376.54,225,0
12358.0,2011-07-12 10:04:00,2011-07-12 10:04:00,1,100,484.86,50,484.86,50,0
12359.0,2011-01-12 12:43:00,2011-06-03 12:26:00,3,965,3495.73,89,1165.2433333333333,231,0
12360.0,2011-05-23 09:43:00,2011-08-19 10:10:00,2,674,1618.28,12,809.14,100,0
12361.0,2011-02-25 13:51:00,2011-02-25 13:51:00,1,91,189.9,187,189.9,187,1
12362.0,2011-02-17 10:30:00,2011-08-11 15:02:00,4,988,1747.35,20,436.8375,195,0
12363.0,2011-04-11 13:29:00,2011-08-22 10:18:00,2,408,552.0,9,276.0,142,1
12364.0,2011-08-19 15:24:00,2011-08-19 15:24:00,1,555,623.92,12,623.92,12,0
12365.0,2011-02-21 13:51:00,2011-02-21 14:04:00,2,174,641.38,191,320.69,191,1
12370.0,2010-12-14 12:58:00,2011-03-10 12:48:00,3,1972,2802.66,174,934.2199999999999,260,0
12372.0,2011-02-16 12:46:00,2011-05-11 10:43:00,2,592,914.9200000000001,112,457.46000000000004,196,0
12373.0,2011-02-01 13:10:00,2011-02-01 13:10:00,1,197,364.6,211,364.6,211,1
12377.0,2010-12-20 09:37:00,2011-01-28 15:45:00,2,944,1628.12,215,814.06,254,1
12378.0,2011-08-02 10:34:00,2011-08-02 10:34:00,1,2529,4008.62,29,4008.62,29,1
12379.0,2011-06-22 16:32:00,2011-06-22 16:32:00,1,211,459.84,70,459.84,70,0
12380.0,2011-06-07 09:49:00,2011-06-07 09:49:00,1,293,607.5500000000001,85,607.5500000000001,85,0
12381.0,2011-08-12 09:57:00,2011-08-12 09:57:00,1,568,1268.74,19,1268.74,19,0
12383.0,2010-12-22 14:28:00,2011-06-08 08:02:00,5,1532,1850.56,84,370.11199999999997,252,1
12384.0,2011-08-10 11:23:00,2011-08-10 11:23:00,1,62,292.69,21,292.69,21,0
12386.0,2010-12-08 09:53:00,2011-01-06 12:37:00,2,354,401.9,237,200.95,266,1
12388.0,2011-01-17 11:12:00,2011-07-14 13:28:00,4,760,1668.3400000000001,48,417.08500000000004,226,0
12393.0,2011-01-11 09:47:00,2011-04-08 09:45:00,3,522,1061.1000000000001,145,353.70000000000005,232,0
12394.0,2011-05-06 14:01:00,2011-05-06 14:01:00,1,182,381.08,117,381.08,117,0
12395.0,2010-12-03 16:35:00,2011-08-19 15:18:00,8,1629,1899.57,12,237.44625,271,0
12397.0,2011-07-27 14:21:00,2011-07-27 14:21:00,1,704,1214.81,35,1214.81,35,0
12399.0,2011-03-23 09:42:00,2011-08-12 13:15:00,4,1178,1108.65,19,277.1625,161,1
12401.0,2011-02-09 13:50:00,2011-02-09 13:50:00,1,11,84.3,203,84.3,203,1
12402.0,2011-01-20 13:49:00,2011-01-20 13:49:00,1,94,225.6,223,225.6,223,1
12405.0,2011-07-14 08:52:00,2011-07-14 08:52:00,1,857,1710.39,48,1710.39,48,1
12406.0,2011-06-09 10:23:00,2011-06-09 10:23:00,1,793,1621.25,83,1621.25,83,0
12407.0,2011-03-20 13:21:00,2011-07-28 16:28:00,4,1237,1407.3600000000001,34,351.84000000000003,164,0
12408.0,2011-03-24 14:46:00,2011-06-17 10:51:00,3,734,1491.77,75,497.25666666666666,160,0
12409.0,2011-06-10 12:19:00,2011-06-10 12:19:00,1,3142,6207.08,82,6207.08,82,0
12410.0,2011-02-04 10:38:00,2011-02-04 10:39:00,2,211,693.3299999999999,208,346.66499999999996,208,1
12412.0,2011-06-23 13:51:00,2011-07-25 11:17:00,2,599,890.74,37,445.37,69,0
12413.0,2011-01-06 16:12:00,2011-04-17 15:33:00,2,205,563.9,136,281.95,237,0
12414.0,2011-02-02 14:51:00,2011-05-06 14:51:00,3,300,562.41,117,187.47,210,1
12415.0,2011-01-06 11:12:00,2011-08-18 08:51:00,13,63865,99146.16,13,7626.627692307693,237,0
12417.0,2010-12-17 11:51:00,2011-08-25 10:26:00,7,1229,2816.52,6,402.36,257,0
12418.0,2011-08-19 11:08:00,2011-08-19 11:08:00,1,407,668.58,12,668.58,12,1
12421.0,2011-01-24 15:09:00,2011-08-17 10:56:00,3,407,628.56,14,209.51999999999998,219,0
12422.0,2011-01-19 09:13:00,2011-06-24 13:20:00,2,288,655.86,68,327.93,224,0
12423.0,2010-12-21 10:54:00,2011-08-31 08:55:00,7,1136,1650.67,0,235.81,253,0
12424.0,2011-06-30 12:06:00,2011-06-30 12:06:00,2,740,1760.96,62,880.48,62,1
12426.0,2011-05-29 12:26:00,2011-05-29 12:26:00,1,258,582.73,94,582.73,94,1
12427.0,2010-12-03 10:44:00,2010-12-03 10:44:00,1,79,303.5,271,303.5,271,0
12428.0,2011-03-01 09:33:00,2011-08-11 12:58:00,8,3386,7548.12,20,943.515,183,0
12429.0,2010-12-09 12:05:00,2011-06-20 12:14:00,3,1045,2844.88,72,948.2933333333334,265,0
12431.0,2010-12-01 10:03:00,2011-08-12 14:19:00,11,2098,4807.07,19,437.00636363636363,273,0
12432.0,2011-06-20 13:27:00,2011-06-22 13:12:00,3,1427,4016.66,70,1338.8866666666665,72,0
12433.0,2010-12-01 13:24:00,2010-12-08 16:49:00,2,3582,3787.12,266,1893.56,273,0
12434.0,2011-03-24 13:05:00,2011-03-24 13:05:00,1,77,286.25,160,286.25,160,0
12435.0,2011-03-17 07:40:00,2011-03-17 07:40:00,1,879,3978.9900000000002,167,3978.9900000000002,167,0
12437.0,2011-01-12 14:13:00,2011-06-15 09:01:00,9,1643,2476.73,77,275.1922222222222,231,0
12438.0,2011-07-22 13:29:00,2011-07-22 13:29:00,1,586,890.0699999999999,40,890.0699999999999,40,0
12441.0,2010-12-08 10:45:00,2010-12-08 10:45:00,1,121,173.55,266,173.55,266,1
12444.0,2011-06-21 14:00:00,2011-08-10 08:41:00,2,650,2627.27,21,1313.635,71,0
12447.0,2011-04-10 13:25:00,2011-04-10 13:25:00,1,190,476.49,143,476.49,143,1
12449.0,2011-06-05 15:37:00,2011-08-02 09:14:00,2,657,1636.88,29,818.44,87,0
12450.0,2011-06-19 14:36:00,2011-07-06 14:41:00,2,128,197.88,56,98.94,73,1
12451.0,2011-01-19 09:05:00,2011-05-05 17:34:00,2,4105,5307.82,118,2653.91,224,0
12453.0,2011-07-28 14:08:00,2011-07-28 14:08:00,1,473,707.09,34,707.09,34,1
12455.0,2011-02-16 09:56:00,2011-08-04 11:07:00,5,1766,2176.36,27,435.27200000000005,196,0
12456.0,2011-03-30 09:12:00,2011-07-31 15:25:00,2,1073,2265.4,31,1132.7,154,0
12457.0,2011-04-14 18:57:00,2011-04-20 10:10:00,3,397,1067.25,133,355.75,139,0
12458.0,2011-02-28 10:55:00,2011-02-28 10:55:00,1,270,441.92,184,441.92,184,0
12461.0,2011-07-08 10:23:00,2011-07-08 10:23:00,1,282,626.88,54,626.88,54,0
12462.0,2011-02-09 14:44:00,2011-02-09 14:44:00,1,287,762.11,203,762.11,203,0
12463.0,2011-04-12 12:47:00,2011-06-17 14:28:00,3,577,985.79,75,328.59666666666664,141,0
12464.0,2011-02-03 13:30:00,2011-08-25 13:33:00,6,81,780.55,6,130.09166666666667,209,0
12465.0,2011-06-23 13:37:00,2011-06-23 13:37:00,1,294,440.94,69,440.94,69,0
12468.0,2011-01-27 13:29:00,2011-06-05 11:36:00,2,366,729.5400000000001,87,364.77000000000004,216,1
12471.0,2010-12-10 09:35:00,2011-08-24 16:13:00,19,4340,11081.0,7,583.2105263157895,264,0
12472.0,2010-12-05 14:19:00,2011-07-24 11:55:00,5,3088,4927.6,38,985.5200000000001,269,0
12473.0,2011-06-01 10:15:00,2011-08-17 12:04:00,2,853,1175.75,14,587.875,91,0
12474.0,2011-01-14 10:06:00,2011-07-25 10:04:00,12,2484,3896.38,37,324.6983333333333,229,0
12476.0,2010-12-13 14:39:00,2011-07-21 17:39:00,6,1132,3191.67,41,531.945,261,0
12477.0,2011-02-11 12:45:00,2011-08-31 09:11:00,3,2518,8834.03,0,2944.6766666666667,201,0
12480.0,2011-01-07 15:27:00,2011-07-19 14:04:00,3,1096,2144.95,43,714.9833333333332,236,0
12481.0,2010-12-09 10:13:00,2011-06-13 10:52:00,8,2351,4085.2599999999998,79,510.65749999999997,265,0
12483.0,2011-01-04 14:20:00,2011-06-09 12:20:00,5,629,1314.6100000000001,83,262.922,239,0
12484.0,2011-01-07 14:04:00,2011-08-31 09:44:00,4,1857,3658.65,0,914.6625,236,0
12489.0,2011-01-07 13:13:00,2011-01-07 13:13:00,1,105,334.93,236,334.93,236,1
12490.0,2011-01-14 09:13:00,2011-08-31 12:33:00,5,1360,2516.77,0,503.354,229,0
12492.0,2011-08-26 14:51:00,2011-08-26 14:51:00,1,69,126.39000000000001,5,126.39000000000001,5,0
12493.0,2011-05-26 14:53:00,2011-06-27 10:17:00,2,207,433.74,65,216.87,97,1
12494.0,2010-12-09 11:31:00,2011-07-01 12:17:00,5,364,868.86,61,173.772,265,0
12500.0,2011-01-10 09:48:00,2011-08-25 12:50:00,6,1270,1773.8400000000001,6,295.64000000000004,233,0
12501.0,2011-01-07 12:28:00,2011-01-07 12:28:00,1,1783,2169.39,236,2169.39,236,1
12502.0,2011-02-03 10:41:00,2011-08-04 09:55:00,4,586,2631.52,27,657.88,209,0
12506.0,2011-04-21 08:54:00,2011-04-21 08:54:00,1,23,73.5,132,73.5,132,1
12507.0,2011-02-14 09:24:00,2011-07-28 17:09:00,3,894,1304.81,34,434.93666666666667,198,1
12509.0,2011-02-28 14:45:00,2011-02-28 14:45:00,1,55,176.5,184,176.5,184,1
12510.0,2011-01-18 14:04:00,2011-07-20 10:15:00,2,353,982.5699999999999,42,491.28499999999997,225,1
12513.0,2011-08-19 10:51:00,2011-08-19 10:51:00,1,462,612.29,12,612.29,12,1
12514.0,2011-03-17 16:38:00,2011-03-17 16:38:00,1,440,1017.68,167,1017.68,167,1
12515.0,2010-12-21 15:43:00,2010-12-21 15:43:00,1,131,383.7,253,383.7,253,1
12516.0,2011-06-12 11:37:00,2011-06-12 11:37:00,1,345,583.2,80,583.2,80,0
12517.0,2011-06-02 15:13:00,2011-08-05 15:02:00,2,834,1521.45,26,760.725,90,0
12518.0,2011-08-21 13:18:00,2011-08-21 13:18:00,1,187,324.83,10,324.83,10,0
12520.0,2011-03-11 11:35:00,2011-07-20 14:38:00,4,1099,2045.85,42,511.4625,173,0
12521.0,2011-07-20 10:51:00,2011-07-20 10:51:00,1,309,599.68,42,599.68,42,1
12523.0,2011-01-12 09:43:00,2011-08-24 10:13:00,7,560,1017.75,7,145.39285714285714,231,0
12524.0,2011-01-10 10:35:00,2011-06-30 15:30:00,6,2290,3122.48,62,520.4133333333333,233,0
12527.0,2011-01-18 12:05:00,2011-02-18 09:41:00,2,221,284.92,194,142.46,225,0
12528.0,2011-01-31 09:05:00,2011-08-17 12:30:00,4,503,1287.37,14,321.8425,212,0
12530.0,2011-01-07 10:04:00,2011-08-08 10:59:00,3,600,1221.65,23,407.2166666666667,236,0
12534.0,2011-08-01 10:26:00,2011-08-01 10:26:00,1,651,1089.18,30,1089.18,30,1
12535.0,2011-06-06 12:47:00,2011-06-06 12:47:00,1,115,371.45,86,371.45,86,0
12539.0,2011-01-10 09:11:00,2011-03-22 16:00:00,3,1621,4517.69,162,1505.8966666666665,233,0
12540.0,2010-12-13 09:39:00,2011-08-24 08:09:00,10,4190,8786.869999999999,7,878.6869999999999,261,0
12541.0,2011-03-04 09:32:00,2011-06-19 15:59:00,2,419,536.14,73,268.07,180,0
12545.0,2011-03-25 12:04:00,2011-03-25 12:04:00,1,346,628.15,159,628.15,159,0
12547.0,2011-03-04 12:46:00,2011-05-26 12:38:00,2,134,207.79999999999998,97,103.89999999999999,180,1
12548.0,2011-06-26 15:35:00,2011-06-26 15:35:00,1,49,95.19999999999999,66,95.19999999999999,66,1
12551.0,2010-12-17 11:23:00,2010-12-17 11:23:00,1,100,168.0,257,168.0,257,1
12553.0,2011-01-14 10:42:00,2011-08-21 14:42:00,7,1351,2419.59,10,345.6557142857143,229,0
12556.0,2011-07-11 13:35:00,2011-07-11 13:35:00,1,163,308.75,51,308.75,51,0
12557.0,2010-12-03 12:20:00,2011-07-04 13:19:00,4,3464,9000.960000000001,58,2250.2400000000002,271,0
12559.0,2011-01-24 10:12:00,2011-02-02 09:49:00,2,283,561.71,210,280.855,219,1
12560.0,2011-07-19 15:55:00,2011-08-19 15:22:00,2,820,1436.31,12,718.155,43,0
12561.0,2011-02-10 11:39:00,2011-02-10 11:39:00,1,177,238.85,202,238.85,202,1
12562.0,2011-05-25 12:44:00,2011-08-05 08:40:00,3,776,1605.23,26,535.0766666666667,98,0
12564.0,2011-03-23 14:55:00,2011-03-23 14:55:00,1,133,456.9,161,456.9,161,1
12565.0,2011-02-24 10:34:00,2011-02-24 10:34:00,1,80,145.92,188,145.92,188,1
12567.0,2010-12-05 11:57:00,2011-08-23 14:23:00,8,3024,6958.16,8,869.77,269,0
12569.0,2011-04-01 13:47:00,2011-08-24 13:55:00,12,788,1883.02,7,156.91833333333332,152,0
12571.0,2011-08-10 12:35:00,2011-08-10 12:35:00,1,197,248.35,21,248.35,21,0
12573.0,2011-04-26 15:52:00,2011-04-26 15:52:00,1,84,160.54000000000002,127,160.54000000000002,127,1
12574.0,2011-01-28 09:20:00,2011-01-28 09:20:00,1,61,218.45,215,218.45,215,1
12576.0,2011-02-08 11:31:00,2011-07-13 10:02:00,3,463,660.85,49,220.28333333333333,204,0
12577.0,2010-12-15 16:21:00,2010-12-15 16:21:00,1,134,195.89,259,195.89,259,0
12578.0,2011-01-13 15:34:00,2011-01-13 15:34:00,1,748,1608.66,230,1608.66,230,0
12580.0,2011-04-07 10:24:00,2011-04-07 10:24:00,1,238,415.7,146,415.7,146,1
12582.0,2011-02-24 11:42:00,2011-04-15 08:45:00,2,300,511.36,138,255.68,188,1
12583.0,2010-12-01 08:45:00,2011-08-25 12:26:00,9,3463,4232.21,6,470.24555555555554,273,0
12584.0,2011-03-04 15:15:00,2011-08-04 17:07:00,4,138,782.59,27,195.6475,180,0
12585.0,2010-12-23 12:58:00,2011-04-19 13:39:00,2,1279,2040.1,134,1020.05,251,1
12589.0,2011-07-18 12:05:00,2011-07-18 12:05:00,1,83,131.5,44,131.5,44,0
12590.0,2011-05-12 14:46:00,2011-05-12 14:52:00,2,4283,9864.26,111,4932.13,111,1
12591.0,2011-01-26 14:35:00,2011-01-26 14:35:00,1,228,452.84999999999997,217,452.84999999999997,217,1
12592.0,2011-05-10 13:44:00,2011-05-10 13:44:00,1,165,231.8,113,231.8,113,0
12593.0,2011-05-05 09:29:00,2011-08-23 12:43:00,3,206,418.09999999999997,8,139.36666666666665,118,1
12594.0,2011-01-21 09:52:00,2011-08-10 14:26:00,8,1440,2529.9,21,316.2375,222,0
12596.0,2011-04-11 13:22:00,2011-04-11 13:22:00,1,156,269.95,142,269.95,142,0
12597.0,2011-03-16 14:00:00,2011-06-09 16:04:00,2,675,1428.81,83,714.405,168,0
12598.0,2011-02-28 11:58:00,2011-07-01 11:43:00,4,971,1584.3799999999999,61,396.09499999999997,184,0
12599.0,2011-02-08 13:28:00,2011-08-05 12:38:00,6,749,857.04,26,142.84,204,0
12600.0,2010-12-03 12:57:00,2011-08-19 11:23:00,8,544,1936.5600000000002,12,242.07000000000002,271,0
12601.0,2011-01-11 10:38:00,2011-06-03 10:17:00,5,245,577.0600000000001,89,115.412,232,1
12604.0,2011-03-23 12:06:00,2011-03-23 12:06:00,1,137,178.5,161,178.5,161,0
12609.0,2011-01-25 15:13:00,2011-06-06 15:31:00,2,518,800.73,86,400.365,218,0
12610.0,2011-08-05 13:52:00,2011-08-25 12:57:00,2,625,1256.25,6,628.125,26,0
12613.0,2011-03-22 15:42:00,2011-05-26 09:18:00,4,759,1462.52,97,365.63,162,0
12614.0,2011-03-07 10:22:00,2011-03-07 10:22:00,1,76,315.6,177,315.6,177,1
12615.0,2011-06-24 13:35:00,2011-06-24 13:35:00,1,413,634.74,68,634.74,68,0
12616.0,2011-02-15 14:17:00,2011-02-15 14:17:00,1,98,255.6,197,255.6,197,0
12619.0,2011-03-31 13:10:00,2011-08-15 13:22:00,5,1756,2087.46,16,417.492,153,0
12620.0,2011-05-19 12:10:00,2011-05-19 12:10:00,1,434,561.66,104,561.66,104,0
12621.0,2010-12-09 10:16:00,2011-08-31 15:30:00,15,5439,10195.04,0,679.6693333333334,265,0
12622.0,2011-04-21 16:39:00,2011-04-21 16:39:00,1,69,180.1,132,180.1,132,1
12623.0,2011-03-08 13:50:00,2011-03-08 13:50:00,1,191,305.1,176,305.1,176,1
12624.0,2011-06-15 12:34:00,2011-08-25 15:04:00,2,355,641.13,6,320.565,77,1
12625.0,2011-01-24 13:27:00,2011-05-12 09:54:00,2,1612,2683.82,111,1341.91,219,1
12626.0,2011-01-17 11:01:00,2011-08-19 11:46:00,6,2337,4774.0,12,795.6666666666666,226,0
12627.0,2011-07-22 13:59:00,2011-08-23 08:51:00,4,1016,1908.57,8,477.1425,40,0
12633.0,2011-02-25 08:44:00,2011-08-02 09:35:00,3,1068,1948.75,29,649.5833333333334,187,0
12635.0,2011-07-08 08:43:00,2011-07-08 08:43:00,1,399,683.64,54,683.64,54,0
12637.0,2011-01-20 10:47:00,2011-07-05 15:14:00,5,1404,3049.5,57,609.9,223,0
12639.0,2011-04-15 12:48:00,2011-04-15 12:48:00,1,201,486.1,138,486.1,138,1
12641.0,2011-08-16 13:26:00,2011-08-16 13:26:00,1,72,185.9,15,185.9,15,1
12642.0,2011-08-24 09:23:00,2011-08-24 09:23:00,1,277,366.45,7,366.45,7,0
12643.0,2011-01-11 11:48:00,2011-08-03 12:56:00,6,1808,3344.64,28,557.4399999999999,232,1
12644.0,2011-08-02 10:33:00,2011-08-02 10:33:00,1,325,477.91,29,477.91,29,1
12645.0,2011-01-27 13:08:00,2011-08-22 12:40:00,3,825,1310.8600000000001,9,436.9533333333334,216,0
12647.0,2010-12-05 14:02:00,2011-08-05 13:49:00,9,1039,2886.71,26,320.74555555555554,269,0
12648.0,2011-07-08 11:55:00,2011-07-08 11:55:00,1,160,318.05,54,318.05,54,1
12649.0,2011-05-11 14:37:00,2011-08-24 14:41:00,3,586,623.51,7,207.83666666666667,112,1
12651.0,2011-01-09 12:46:00,2011-01-09 12:46:00,1,78,114.0,234,114.0,234,1
12652.0,2011-01-12 15:00:00,2011-01-12 15:00:00,1,505,919.98,231,919.98,231,1
12653.0,2011-02-16 10:53:00,2011-07-14 10:41:00,2,919,2209.85,48,1104.925,196,1
12654.0,2011-02-17 13:16:00,2011-05-26 10:43:00,3,151,337.75,97,112.58333333333333,195,0
12656.0,2011-04-20 09:20:00,2011-08-15 12:53:00,3,1280,2820.67,16,940.2233333333334,133,0
12662.0,2010-12-01 13:04:00,2011-08-24 13:42:00,7,1400,2653.66,7,379.0942857142857,273,0
12664.0,2011-01-21 11:42:00,2011-07-19 12:43:00,3,505,1957.48,43,652.4933333333333,222,0
12665.0,2011-01-19 08:34:00,2011-01-19 08:34:00,1,37,63.0,224,63.0,224,1
12668.0,2010-12-19 12:46:00,2011-03-25 14:53:00,3,1334,2924.4700000000003,159,974.8233333333334,255,0
12669.0,2011-03-28 10:15:00,2011-07-12 09:54:00,3,1115,2744.0299999999997,50,914.6766666666666,156,1
12670.0,2011-04-21 10:16:00,2011-05-24 09:25:00,2,488,1026.3899999999999,99,513.1949999999999,132,0
12672.0,2011-01-14 09:20:00,2011-01-14 09:20:00,1,78,225.89999999999998,229,225.89999999999998,229,1
12673.0,2011-01-17 11:46:00,2011-01-17 11:46:00,1,171,220.9,226,220.9,226,0
12674.0,2011-05-16 09:10:00,2011-06-22 09:43:00,2,494,976.8,70,488.4,107,0
12676.0,2011-02-01 15:41:00,2011-08-08 10:01:00,4,494,998.0500000000001,23,249.51250000000002,211,0
12678.0,2010-12-21 11:00:00,2011-08-31 11:22:00,9,5195,8282.26,0,920.2511111111112,253,0
12679.0,2011-03-01 12:26:00,2011-05-18 12:18:00,2,407,906.38,105,453.19,183,0
12680.0,2011-08-18 15:44:00,2011-08-18 15:44:00,1,230,311.78,13,311.78,13,0
12681.0,2010-12-07 10:08:00,2011-07-11 11:39:00,15,5419,9866.58,51,657.772,267,0
12682.0,2010-12-03 13:59:00,2011-08-31 12:18:00,20,3531,8219.92,0,410.996,271,0
12683.0,2010-12-09 10:37:00,2011-08-26 15:44:00,11,3769,6217.88,5,565.2618181818182,265,0
12684.0,2011-05-10 12:55:00,2011-06-22 11:20:00,4,1274,1379.48,70,344.87,113,0
12686.0,2010-12-03 09:51:00,2010-12-03 09:51:00,1,107,89.14,271,89.14,271,1
12688.0,2011-08-18 08:49:00,2011-08-18 08:49:00,1,3028,4873.8099999999995,13,4873.8099999999995,13,1
12689.0,2011-08-04 10:04:00,2011-08-04 10:04:00,1,281,511.03,27,511.03,27,0
12690.0,2011-05-18 09:09:00,2011-05-18 09:09:00,1,106,389.01,105,389.01,105,1
12691.0,2010-12-17 14:46:00,2011-07-17 14:56:00,4,198,556.3,45,139.075,257,0
12693.0,2011-01-24 12:58:00,2011-08-04 17:51:00,4,255,855.91,27,213.9775,219,1
12694.0,2011-06-09 17:48:00,2011-06-09 17:48:00,1,323,439.5,83,439.5,83,0
12695.0,2011-05-13 13:15:00,2011-08-24 12:58:00,2,172,333.90000000000003,7,166.95000000000002,110,0
12697.0,2011-06-23 15:44:00,2011-07-31 14:17:00,2,359,733.91,31,366.955,69,0
12700.0,2011-05-08 16:10:00,2011-07-06 13:14:00,2,1376,2149.05,56,1074.525,115,0
12701.0,2011-04-11 13:02:00,2011-04-11 13:02:00,1,246,337.08,142,337.08,142,0
12704.0,2011-06-23 10:20:00,2011-08-26 08:59:00,3,465,1100.92,5,366.97333333333336,69,0
12705.0,2010-12-17 15:58:00,2011-07-04 14:36:00,4,2599,4162.52,58,1040.63,257,0
12707.0,2011-02-21 08:38:00,2011-02-21 08:38:00,1,256,603.42,191,603.42,191,1
12708.0,2010-12-06 10:43:00,2011-08-30 08:15:00,7,989,2031.77,1,290.2528571428571,268,0
12709.0,2010-12-08 09:49:00,2011-07-27 13:00:00,10,2565,6439.11,35,643.911,266,0
12710.0,2011-05-22 14:05:00,2011-07-01 13:22:00,2,447,790.36,61,395.18,101,0
12712.0,2010-12-03 14:30:00,2011-08-25 09:18:00,11,943,3913.08,6,355.73454545454547,271,0
12714.0,2011-02-18 10:53:00,2011-08-25 09:55:00,4,2258,3389.7,6,847.425,194,0
12715.0,2011-08-25 15:22:00,2011-08-25 15:22:00,1,192,343.36,6,343.36,6,1
12716.0,2011-07-29 13:28:00,2011-07-29 13:28:00,1,503,677.9,33,677.9,33,0
12717.0,2011-04-08 10:32:00,2011-07-11 14:47:00,2,506,1030.98,51,515.49,145,1
12720.0,2010-12-05 15:21:00,2011-08-07 11:59:00,15,2747,3314.5,24,220.96666666666667,269,0
12721.0,2010-12-20 11:38:00,2011-06-09 17:53:00,4,1133,1698.91,83,424.7275,254,0
12722.0,2011-07-12 11:55:00,2011-08-17 08:50:00,3,559,929.65,14,309.8833333333333,50,0
12724.0,2011-01-11 15:00:00,2011-06-19 13:37:00,2,178,280.36,73,140.18,232,0
12725.0,2010-12-03 15:45:00,2010-12-03 15:45:00,1,164,427.8,271,427.8,271,1
12726.0,2010-12-17 12:56:00,2011-06-08 10:10:00,5,1942,1467.32,84,293.464,257,0
12727.0,2011-01-23 15:17:00,2011-06-05 15:29:00,5,1608,2800.4,87,560.08,220,0
12728.0,2011-01-11 13:31:00,2011-03-27 13:07:00,3,256,617.31,157,205.76999999999998,232,0
12729.0,2011-08-18 11:40:00,2011-08-18 11:40:00,1,233,453.01,13,453.01,13,1
12731.0,2010-12-10 10:56:00,2011-07-18 14:10:00,8,5439,11324.25,44,1415.53125,264,0
12732.0,2011-06-13 11:33:00,2011-06-13 11:33:00,1,111,236.26000000000002,79,236.26000000000002,79,1
12733.0,2011-04-19 16:19:00,2011-04-19 16:19:00,1,137,383.95,134,383.95,134,1
12734.0,2010-12-22 12:47:00,2010-12-22 12:47:00,1,88,110.39999999999999,252,110.39999999999999,252,1
12735.0,2011-01-06 14:26:00,2011-01-28 13:37:00,2,368,779.5699999999999,215,389.78499999999997,237,1
12736.0,2011-01-11 07:57:00,2011-01-11 07:57:00,1,173,234.0,232,234.0,232,1
12738.0,2010-12-02 18:27:00,2010-12-02 18:27:00,1,148,155.35,272,155.35,272,1
12743.0,2011-07-28 16:06:00,2011-07-28 16:21:00,2,315,540.13,34,270.065,34,1
12744.0,2011-01-25 13:26:00,2011-07-18 11:55:00,5,4640,14211.970000000001,44,2842.3940000000002,218,0
12747.0,2010-12-05 15:38:00,2011-08-22 10:38:00,8,862,2769.4,9,346.175,269,0
12748.0,2010-12-01 12:48:00,2011-08-30 12:00:00,127,8521,13339.05,1,105.03188976377952,273,0
12749.0,2011-05-10 15:25:00,2011-08-01 12:50:00,3,1080,2755.23,30,918.41,113,0
12750.0,2011-08-03 09:13:00,2011-08-03 09:13:00,1,137,275.88,28,275.88,28,1
12753.0,2010-12-12 11:44:00,2011-07-27 09:32:00,5,9211,16620.91,35,3324.182,262,0
12754.0,2011-02-04 10:31:00,2011-04-18 09:00:00,3,6481,3010.74,135,1003.5799999999999,208,1
12755.0,2010-12-09 10:44:00,2011-03-04 12:42:00,2,1491,3811.95,180,1905.975,265,1
12757.0,2011-05-12 19:01:00,2011-07-20 12:05:00,7,918,5281.08,42,754.4399999999999,111,0
12758.0,2011-03-08 12:05:00,2011-08-15 10:22:00,2,2135,2791.59,16,1395.795,176,1
12759.0,2011-03-09 08:09:00,2011-06-21 09:26:00,2,630,1082.52,71,541.26,175,0
12763.0,2010-12-05 15:46:00,2011-07-24 14:12:00,2,316,494.08,38,247.04,269,1
12764.0,2011-01-27 10:19:00,2011-01-27 10:19:00,1,386,1693.88,216,1693.88,216,1
12766.0,2010-12-08 13:53:00,2011-07-13 13:37:00,5,2495,4952.1900000000005,49,990.4380000000001,266,0
12769.0,2011-04-15 10:25:00,2011-04-15 10:25:00,1,356,1143.6,138,1143.6,138,1
12770.0,2011-05-13 09:33:00,2011-05-13 09:33:00,1,743,1351.45,110,1351.45,110,1
12775.0,2011-02-01 13:45:00,2011-06-03 07:48:00,4,740,1164.68,89,291.17,211,0
12778.0,2011-01-31 14:35:00,2011-06-09 15:29:00,4,458,492.06,83,123.015,212,0
12779.0,2010-12-03 13:40:00,2011-06-03 10:37:00,7,1385,2999.41,89,428.4871428571428,271,0
12781.0,2011-02-28 08:43:00,2011-02-28 08:43:00,1,346,549.26,184,549.26,184,0
12782.0,2010-12-17 11:30:00,2011-07-13 10:30:00,4,958,2078.67,49,519.6675,257,0
12785.0,2010-12-10 13:48:00,2010-12-10 13:48:00,1,131,311.95,264,311.95,264,1
12787.0,2011-05-31 09:36:00,2011-05-31 09:36:00,1,65,158.1,92,158.1,92,0
12790.0,2011-05-31 14:14:00,2011-05-31 14:14:00,1,166,324.92,92,324.92,92,1
12791.0,2010-12-01 11:27:00,2010-12-01 11:27:00,1,97,192.60000000000002,273,192.60000000000002,273,1
12792.0,2011-03-28 11:36:00,2011-03-28 11:36:00,1,217,400.53999999999996,156,400.53999999999996,156,1
12793.0,2010-12-03 15:14:00,2011-01-09 12:12:00,2,295,545.48,234,272.74,271,1
12797.0,2010-12-09 10:55:00,2010-12-09 10:55:00,1,118,254.03,265,254.03,265,1
12798.0,2011-06-22 10:11:00,2011-06-22 10:11:00,1,2256,1607.04,70,1607.04,70,0
12802.0,2011-06-06 09:36:00,2011-06-06 09:36:00,1,314,427.58,86,427.58,86,1
12808.0,2010-12-06 10:27:00,2011-06-08 12:21:00,2,108,281.35,84,140.675,268,0
12809.0,2011-06-15 10:51:00,2011-06-15 10:51:00,1,220,489.31,77,489.31,77,1
12811.0,2011-02-28 15:39:00,2011-03-24 09:42:00,3,230,514.85,160,171.61666666666667,184,1
12814.0,2011-08-30 12:11:00,2011-08-30 12:11:00,1,49,125.92,1,125.92,1,1
12815.0,2011-05-25 13:34:00,2011-07-15 10:21:00,2,379,1063.46,47,531.73,98,1
12816.0,2011-06-16 13:24:00,2011-06-16 13:24:00,1,77,318.65000000000003,76,318.65000000000003,76,0
12817.0,2011-03-03 16:28:00,2011-03-03 16:28:00,1,53,166.04,181,166.04,181,1
12818.0,2011-03-23 12:06:00,2011-03-23 12:06:00,1,929,1542.08,161,1542.08,161,1
12820.0,2011-01-17 12:34:00,2011-01-17 12:34:00,1,146,170.46,226,170.46,226,0
12821.0,2011-05-09 15:51:00,2011-05-09 15:51:00,1,70,92.72,114,92.72,114,1
12823.0,2011-02-16 12:15:00,2011-08-04 17:45:00,4,160,1224.0,27,306.0,196,0
12826.0,2010-12-09 15:21:00,2011-06-14 09:41:00,4,721,818.62,78,204.655,265,0
12828.0,2011-08-01 16:16:00,2011-08-19 09:23:00,2,132,338.2,12,169.1,30,0
12829.0,2010-12-14 14:54:00,2011-01-07 11:13:00,2,376,293.0,236,146.5,260,1
12830.0,2011-06-21 10:53:00,2011-07-28 17:18:00,4,6344,5204.0,34,1301.0,71,0
12831.0,2011-03-22 13:02:00,2011-03-22 13:02:00,1,135,215.05,162,215.05,162,1
12833.0,2011-07-17 13:46:00,2011-07-17 13:46:00,1,156,417.38,45,417.38,45,1
12834.0,2011-03-02 09:49:00,2011-03-02 09:49:00,1,110,312.38,182,312.38,182,1
12836.0,2011-02-01 11:19:00,2011-07-25 15:22:00,3,858,2112.53,37,704.1766666666667,211,0
12837.0,2011-06-19 16:07:00,2011-06-19 16:07:00,1,24,134.1,73,134.1,73,1
12838.0,2010-12-01 11:57:00,2010-12-01 11:57:00,1,228,390.79,273,390.79,273,0
12839.0,2010-12-07 15:48:00,2011-08-18 10:01:00,8,1785,2683.81,13,335.47625,267,0
12840.0,2011-04-27 12:21:00,2011-07-19 09:29:00,4,1511,2726.77,43,681.6925,126,1
12841.0,2010-12-03 10:43:00,2011-08-25 12:12:00,17,1805,2829.91,6,166.46529411764706,271,0
12842.0,2011-02-04 12:36:00,2011-02-04 12:36:00,1,157,310.73,208,310.73,208,0
12843.0,2011-03-20 14:38:00,2011-07-03 12:21:00,7,780,1692.31,59,241.75857142857143,164,0
12844.0,2011-08-01 13:11:00,2011-08-01 13:11:00,1,77,174.88,30,174.88,30,0
12845.0,2011-02-22 14:10:00,2011-03-17 13:34:00,4,204,354.09,167,88.5225,190,1
12849.0,2011-03-16 12:26:00,2011-03-16 12:26:00,1,489,668.8499999999999,168,668.8499999999999,168,0
12852.0,2011-02-18 08:47:00,2011-02-18 08:47:00,1,149,311.55,194,311.55,194,1
12853.0,2011-01-28 10:28:00,2011-07-28 11:29:00,6,800,1957.1000000000001,34,326.18333333333334,215,1
12854.0,2011-01-25 13:35:00,2011-04-12 14:17:00,2,422,810.37,141,405.185,218,0
12855.0,2010-12-02 09:37:00,2010-12-02 09:37:00,1,30,38.1,272,38.1,272,1
12857.0,2011-02-10 12:32:00,2011-05-13 10:20:00,2,343,1106.4,110,553.2,202,1
12864.0,2011-07-24 13:03:00,2011-07-24 13:03:00,1,216,147.12,38,147.12,38,1
12865.0,2011-08-08 10:11:00,2011-08-08 10:11:00,1,550,981.38,23,981.38,23,0
12866.0,2011-03-01 14:11:00,2011-03-01 14:11:00,1,171,559.12,183,559.12,183,1
12867.0,2010-12-14 16:39:00,2011-06-27 15:04:00,5,2594,2343.3,65,468.66,260,0
12868.0,2010-12-01 12:50:00,2011-06-07 10:42:00,6,928,1607.0600000000002,85,267.84333333333336,273,1
12871.0,2011-05-16 13:32:00,2011-05-16 13:32:00,1,80,132.0,107,132.0,107,0
12872.0,2010-12-09 14:44:00,2011-01-17 10:52:00,2,319,599.97,226,299.985,265,1
12873.0,2011-03-02 14:58:00,2011-03-02 14:58:00,1,128,374.0,182,374.0,182,1
12875.0,2010-12-12 12:03:00,2011-07-19 15:30:00,2,2019,343.2300000000001,43,171.61500000000004,262,1
12876.0,2011-05-27 13:34:00,2011-05-27 13:34:00,1,651,726.43,96,726.43,96,0
12877.0,2010-12-16 12:23:00,2011-08-07 11:40:00,9,705,1059.23,24,117.69222222222223,258,0
12878.0,2011-03-18 14:02:00,2011-04-17 13:07:00,2,547,854.99,136,427.495,166,1
12881.0,2011-03-09 11:44:00,2011-03-09 11:44:00,1,21,298.0,175,298.0,175,1
12885.0,2011-08-08 11:45:00,2011-08-08 11:45:00,1,346,645.35,23,645.35,23,0
12886.0,2011-05-04 11:21:00,2011-05-04 11:21:00,1,416,775.0,119,775.0,119,0
12888.0,2011-03-29 14:31:00,2011-05-09 16:02:00,2,76,354.12,114,177.06,155,1
12891.0,2011-02-20 11:28:00,2011-06-07 12:31:00,3,950,331.0,85,110.33333333333333,192,1
12897.0,2011-02-11 11:40:00,2011-05-19 12:13:00,2,110,216.5,104,108.25,201,1
12901.0,2011-03-14 10:41:00,2011-08-23 10:56:00,19,12420,11639.470000000001,8,612.6036842105264,170,0
12902.0,2011-03-20 12:06:00,2011-03-20 12:06:00,1,66,138.68,164,138.68,164,1
12904.0,2011-06-20 13:18:00,2011-06-20 13:18:00,1,165,244.69,72,244.69,72,0
12908.0,2011-01-31 12:37:00,2011-06-16 15:39:00,2,1200,750.0,76,375.0,212,1
12909.0,2011-03-31 12:51:00,2011-05-22 11:52:00,3,786,1528.37,101,509.45666666666665,153,0
12910.0,2011-04-12 10:01:00,2011-07-28 14:36:00,4,830,1486.9,34,371.725,141,0
12913.0,2010-12-06 16:36:00,2011-03-02 10:49:00,3,345,866.39,182,288.7966666666667,268,0
12915.0,2010-12-02 12:33:00,2011-07-14 11:34:00,2,93,363.65,48,181.825,272,1
12916.0,2011-01-23 10:43:00,2011-07-24 10:35:00,4,1083,2944.95,38,736.2375,220,1
12917.0,2011-08-03 16:42:00,2011-08-03 16:42:00,1,120,594.0,28,594.0,28,1
12919.0,2011-06-23 09:22:00,2011-08-15 11:39:00,3,203,441.65,16,147.21666666666667,69,0
12921.0,2010-12-01 15:06:00,2011-08-01 10:03:00,22,5441,8924.55,30,405.6613636363636,273,0
12922.0,2011-07-01 15:35:00,2011-07-01 15:35:00,1,370,405.38,61,405.38,61,1
12924.0,2011-01-16 11:49:00,2011-05-25 13:35:00,3,285,655.27,98,218.42333333333332,227,0
12928.0,2010-12-15 15:45:00,2011-07-15 08:09:00,3,690,1136.14,47,378.71333333333337,259,0
12929.0,2011-02-01 12:08:00,2011-02-01 12:08:00,1,37,117.85,211,117.85,211,1
12930.0,2011-06-21 13:25:00,2011-06-21 13:25:00,1,108,221.56,71,221.56,71,0
12931.0,2010-12-17 09:45:00,2011-08-30 11:54:00,11,21384,32530.7,1,2957.336363636364,257,0
12933.0,2011-03-01 11:30:00,2011-06-21 16:13:00,2,378,357.49,71,178.745,183,0
12935.0,2011-01-24 13:58:00,2011-08-22 12:22:00,4,1268,1535.34,9,383.835,219,0
12937.0,2011-03-17 14:19:00,2011-05-26 14:17:00,2,268,428.23,97,214.115,167,0
12939.0,2011-01-09 11:20:00,2011-07-24 12:51:00,4,3208,7990.08,38,1997.52,234,0
12942.0,2010-12-09 09:34:00,2011-07-31 14:39:00,3,198,675.6,31,225.20000000000002,265,1
12944.0,2010-12-20 10:41:00,2010-12-20 10:41:00,1,145,286.95,254,286.95,254,0
12945.0,2011-02-24 14:15:00,2011-02-24 14:15:00,1,165,462.95,188,462.95,188,1
12947.0,2010-12-01 16:21:00,2011-07-19 10:06:00,6,1165,1603.99,43,267.33166666666665,273,1
12948.0,2011-03-20 10:17:00,2011-08-26 14:45:00,4,799,1423.96,5,355.99,164,0
12949.0,2011-04-01 13:20:00,2011-08-17 15:11:00,7,2048,3449.42,14,492.7742857142857,152,0
12951.0,2011-01-13 10:33:00,2011-06-19 10:35:00,5,331,751.78,73,150.356,230,0
12955.0,2011-03-17 09:03:00,2011-07-19 10:49:00,5,1102,1346.9199999999998,43,269.38399999999996,167,0
12956.0,2011-02-06 16:08:00,2011-02-06 16:08:00,1,34,108.07,206,108.07,206,1
12957.0,2011-01-04 12:18:00,2011-06-06 13:43:00,4,1248,1715.29,86,428.8225,239,0
12962.0,2011-08-18 13:38:00,2011-08-18 13:38:00,1,78,170.54000000000002,13,170.54000000000002,13,0
12963.0,2010-12-09 09:14:00,2010-12-09 09:14:00,1,172,365.8,265,365.8,265,0
12967.0,2010-12-03 09:49:00,2010-12-16 19:10:00,2,438,1660.9,258,830.45,271,1
12968.0,2011-08-19 15:44:00,2011-08-19 15:44:00,1,73,135.95,12,135.95,12,1
12970.0,2011-01-21 14:04:00,2011-01-21 14:21:00,2,8,23.8,222,11.9,222,0
12971.0,2010-12-02 16:42:00,2011-08-24 09:41:00,61,5668,7854.76,7,128.7665573770492,272,0
12974.0,2011-05-26 09:33:00,2011-05-26 09:33:00,1,24,144.8,97,144.8,97,1
12976.0,2011-05-12 09:55:00,2011-05-12 09:55:00,1,561,738.6,111,738.6,111,1
12977.0,2011-07-06 16:40:00,2011-07-06 16:40:00,1,12,39.239999999999995,56,39.239999999999995,56,1
12980.0,2010-12-16 11:36:00,2011-07-05 09:34:00,9,886,7374.900000000001,57,819.4333333333334,258,1
12981.0,2011-07-29 14:14:00,2011-07-29 14:14:00,1,134,187.18,33,187.18,33,0
12982.0,2011-04-11 11:51:00,2011-04-11 11:51:00,1,288,390.54,142,390.54,142,1
12987.0,2011-05-26 12:00:00,2011-05-26 12:00:00,1,108,304.3,97,304.3,97,0
12988.0,2011-02-20 14:31:00,2011-02-20 14:31:00,1,126,505.82,192,505.82,192,1
12989.0,2010-12-10 13:24:00,2011-07-05 09:16:00,8,2046,4469.14,57,558.6425,264,0
12990.0,2011-02-02 15:39:00,2011-06-07 14:27:00,2,130,263.9,85,131.95,210,0
12991.0,2011-08-19 14:39:00,2011-08-19 14:39:00,1,361,303.56,12,303.56,12,0
12993.0,2011-02-14 14:29:00,2011-08-11 12:01:00,3,204,372.4,20,124.13333333333333,198,0
12994.0,2011-03-16 08:31:00,2011-08-11 17:02:00,2,303,645.47,20,322.735,168,0
12997.0,2011-01-26 15:49:00,2011-04-17 13:02:00,2,300,608.47,136,304.235,217,0
12999.0,2011-04-08 10:26:00,2011-05-27 13:24:00,3,342,455.88,96,151.96,145,1
13000.0,2010-12-10 10:26:00,2011-08-25 10:43:00,3,379,534.85,6,178.28333333333333,264,1
13001.0,2011-01-17 12:45:00,2011-07-04 16:08:00,11,4864,8582.57,58,780.2336363636364,226,0
13002.0,2011-01-25 15:18:00,2011-01-25 15:18:00,1,73,120.94999999999999,218,120.94999999999999,218,1
13003.0,2011-05-09 08:23:00,2011-08-26 10:50:00,3,103,149.05,5,49.68333333333334,114,1
13004.0,2010-12-17 08:20:00,2011-08-17 14:44:00,12,3275,3785.09,14,315.4241666666667,257,0
13005.0,2011-04-07 13:32:00,2011-06-19 10:53:00,2,172,513.7,73,256.85,146,1
13008.0,2011-01-20 14:24:00,2011-01-20 14:24:00,1,175,229.46999999999997,223,229.46999999999997,223,1
13011.0,2010-12-02 17:22:00,2010-12-02 17:22:00,1,13,50.550000000000004,272,50.550000000000004,272,1
13012.0,2011-02-18 09:43:00,2011-07-14 09:58:00,4,511,1012.3100000000001,48,253.07750000000001,194,0
13013.0,2010-12-03 12:28:00,2011-08-24 09:46:00,8,1672,3382.79,7,422.84875,271,0
13014.0,2011-03-03 18:28:00,2011-08-18 10:06:00,5,616,2022.48,13,404.496,181,0
13015.0,2011-04-04 14:28:00,2011-05-26 16:25:00,4,705,1763.04,97,440.76,149,0
13016.0,2011-08-08 15:00:00,2011-08-08 15:00:00,1,315,425.25,23,425.25,23,0
13018.0,2011-02-17 11:05:00,2011-08-09 13:22:00,17,3576,4788.85,22,281.69705882352946,195,0
13021.0,2010-12-16 10:12:00,2011-06-26 11:53:00,4,527,1152.47,66,288.1175,258,0
13023.0,2011-08-02 09:34:00,2011-08-02 09:34:00,1,159,336.40000000000003,29,336.40000000000003,29,0
13026.0,2011-03-09 11:35:00,2011-05-03 10:51:00,2,348,243.71999999999997,120,121.85999999999999,175,0
13027.0,2010-12-20 12:45:00,2011-08-18 09:39:00,6,17280,6912.0,13,1152.0,254,1
13029.0,2010-12-21 13:53:00,2011-07-24 11:37:00,2,92,773.1999999999999,38,386.59999999999997,253,0
13030.0,2010-12-06 14:31:00,2010-12-06 14:31:00,1,174,402.36,268,402.36,268,0
13033.0,2010-12-17 14:23:00,2010-12-17 14:23:00,1,83,190.55,257,190.55,257,1
13034.0,2010-12-05 14:52:00,2010-12-05 14:52:00,1,116,165.86,269,165.86,269,0
13035.0,2011-03-24 09:21:00,2011-03-24 09:21:00,1,212,333.0,160,333.0,160,0
13037.0,2011-03-28 15:42:00,2011-07-24 15:46:00,3,431,881.07,38,293.69,156,1
13038.0,2011-02-22 11:43:00,2011-06-09 10:31:00,2,280,591.76,83,295.88,190,0
13043.0,2011-03-11 14:52:00,2011-03-11 14:52:00,1,254,516.42,173,516.42,173,1
13044.0,2011-02-21 15:20:00,2011-02-21 15:20:00,1,429,560.47,191,560.47,191,1
13046.0,2011-03-18 15:43:00,2011-03-18 15:43:00,1,76,197.72,166,197.72,166,0
13047.0,2010-12-01 08:34:00,2011-08-04 17:58:00,8,1164,2682.01,27,335.25125,273,0
13048.0,2011-01-16 14:36:00,2011-08-18 11:23:00,3,947,1358.55,13,452.84999999999997,227,0
13049.0,2011-01-25 16:33:00,2011-01-25 16:33:00,1,78,153.78,218,153.78,218,0
13050.0,2010-12-08 09:30:00,2011-08-25 14:21:00,13,2707,4509.74,6,346.9030769230769,266,0
13052.0,2011-05-11 14:12:00,2011-05-11 14:12:00,1,222,348.15000000000003,112,348.15000000000003,112,1
13055.0,2011-05-10 08:58:00,2011-05-10 08:58:00,1,252,344.86,113,344.86,113,0
13058.0,2011-07-11 12:01:00,2011-07-11 12:01:00,1,9,47.550000000000004,51,47.550000000000004,51,0
13059.0,2011-04-04 10:40:00,2011-04-04 10:40:00,1,35,183.4,149,183.4,149,1
13060.0,2011-03-31 11:37:00,2011-03-31 11:37:00,1,123,307.53,153,307.53,153,1
13062.0,2011-06-01 15:12:00,2011-06-01 15:12:00,1,343,346.98,91,346.98,91,1
13064.0,2011-01-16 13:41:00,2011-07-10 11:34:00,2,284,659.25,52,329.625,227,0
13065.0,2010-12-01 16:52:00,2010-12-01 16:52:00,1,74,205.86,273,205.86,273,1
13068.0,2011-01-24 08:20:00,2011-01-24 08:20:00,1,100,165.0,219,165.0,219,0
13069.0,2010-12-05 11:02:00,2011-08-12 11:48:00,19,3467,3393.26,19,178.5926315789474,269,0
13070.0,2011-05-31 13:45:00,2011-05-31 13:45:00,1,110,228.8,92,228.8,92,1
13072.0,2011-03-18 08:12:00,2011-03-18 08:12:00,1,69,177.15,166,177.15,166,1
13075.0,2011-08-02 10:19:00,2011-08-02 10:19:00,1,485,919.61,29,919.61,29,1
13077.0,2010-12-08 14:59:00,2011-02-22 16:19:00,3,606,576.19,190,192.06333333333336,266,0
13078.0,2010-12-08 09:07:00,2011-08-25 10:16:00,15,2500,6917.150000000001,6,461.1433333333334,266,0
13079.0,2011-07-22 14:41:00,2011-07-22 14:41:00,1,4,23.8,40,23.8,40,0
13080.0,2011-06-13 14:59:00,2011-06-13 14:59:00,1,120,58.08,79,58.08,79,1
13081.0,2010-12-03 17:20:00,2011-07-19 11:47:00,8,12665,18870.12,43,2358.765,271,0
13082.0,2011-01-05 15:42:00,2011-08-05 16:16:00,9,4324,3613.63,26,401.51444444444445,238,1
13085.0,2011-02-17 13:57:00,2011-07-05 12:11:00,2,216,416.08000000000004,57,208.04000000000002,195,1
13089.0,2010-12-05 10:27:00,2011-08-31 13:56:00,69,21568,38946.9,0,564.4478260869565,269,0
13090.0,2010-12-02 07:48:00,2011-07-26 14:51:00,9,1133,4912.02,36,545.7800000000001,272,0
13092.0,2010-12-15 12:27:00,2011-05-12 10:22:00,4,95,439.75,111,109.9375,259,0
13093.0,2010-12-01 15:00:00,2011-03-09 12:14:00,8,3961,7832.47,175,979.05875,273,1
13094.0,2010-12-06 10:34:00,2011-08-02 12:35:00,10,1356,1545.72,29,154.572,268,0
13097.0,2010-12-14 15:13:00,2011-08-09 12:07:00,8,1861,4636.51,22,579.56375,260,0
13098.0,2011-01-26 13:46:00,2011-08-18 12:30:00,17,8251,14468.08,13,851.0635294117646,217,0
13101.0,2011-04-19 14:37:00,2011-04-19 14:37:00,1,113,101.19,134,101.19,134,1
13102.0,2010-12-09 13:38:00,2011-07-29 12:03:00,19,3361,4961.7,33,261.1421052631579,265,0
13104.0,2010-12-20 11:58:00,2011-07-29 15:25:00,3,180,376.44,33,125.48,254,0
13106.0,2011-07-29 15:12:00,2011-07-29 15:12:00,1,18,76.5,33,76.5,33,1
13107.0,2011-01-10 12:28:00,2011-06-17 08:57:00,2,816,935.22,75,467.61,233,0
13108.0,2010-12-02 10:35:00,2010-12-02 10:35:00,1,298,350.06,272,350.06,272,1
13109.0,2011-07-05 14:56:00,2011-07-05 14:56:00,1,260,369.85,57,369.85,57,0
13110.0,2011-02-01 15:24:00,2011-07-25 16:20:00,5,274,1042.24,37,208.448,211,0
13113.0,2010-12-08 13:21:00,2011-08-18 10:10:00,20,2616,10787.06,13,539.353,266,0
13115.0,2011-06-08 16:15:00,2011-06-08 16:15:00,1,621,878.55,84,878.55,84,0
13116.0,2011-07-24 14:33:00,2011-07-24 14:33:00,1,291,501.14,38,501.14,38,1
13117.0,2010-12-02 13:11:00,2011-08-10 10:09:00,7,703,841.77,21,120.25285714285714,272,0
13118.0,2011-02-24 12:32:00,2011-05-15 13:22:00,3,274,799.7,108,266.56666666666666,188,0
13120.0,2011-04-15 10:19:00,2011-04-15 10:19:00,1,12,30.599999999999998,138,30.599999999999998,138,1
13121.0,2011-03-15 16:47:00,2011-03-15 16:47:00,1,252,283.73,169,283.73,169,1
13122.0,2011-04-13 14:12:00,2011-04-13 14:12:00,1,537,903.67,140,903.67,140,0
13124.0,2010-12-15 15:00:00,2011-04-01 14:58:00,2,1601,2516.47,152,1258.235,259,0
13126.0,2010-12-08 11:42:00,2011-03-31 16:40:00,5,1062,1077.42,153,215.484,266,0
13131.0,2011-06-05 10:54:00,2011-06-05 10:54:00,1,128,324.9,87,324.9,87,0
13132.0,2011-03-23 12:44:00,2011-03-23 12:44:00,1,20,77.3,161,77.3,161,1
13133.0,2011-02-08 15:48:00,2011-03-11 10:31:00,2,32,109.8,173,54.9,204,1
13134.0,2011-04-13 12:57:00,2011-06-09 11:37:00,3,330,885.74,83,295.24666666666667,140,0
13135.0,2011-05-27 10:52:00,2011-05-27 10:52:00,1,4300,3096.0,96,3096.0,96,1
13136.0,2011-05-11 12:47:00,2011-07-20 12:01:00,3,677,1226.68,42,408.8933333333334,112,0
13137.0,2011-02-04 11:54:00,2011-08-28 12:44:00,4,875,1428.76,3,357.19,208,0
13138.0,2010-12-02 15:03:00,2011-07-29 13:34:00,3,243,489.45,33,163.15,272,0
13139.0,2011-03-25 11:57:00,2011-08-22 10:04:00,3,726,1710.94,9,570.3133333333334,159,0
13140.0,2010-12-08 15:12:00,2011-08-23 15:33:00,3,185,422.47,8,140.82333333333335,266,1
13141.0,2011-01-28 13:04:00,2011-05-09 15:33:00,4,942,1401.03,114,350.2575,215,0
13144.0,2011-01-11 11:15:00,2011-01-11 11:15:00,1,21,110.95,232,110.95,232,1
13145.0,2010-12-02 18:06:00,2011-08-04 19:06:00,2,25,413.8,27,206.9,272,0
13148.0,2010-12-10 13:06:00,2011-07-29 08:30:00,10,1370,2766.01,33,276.601,264,0
13149.0,2011-02-23 13:57:00,2011-08-25 13:40:00,3,884,1132.62,6,377.53999999999996,189,0
13151.0,2011-02-17 12:29:00,2011-02-17 12:29:00,1,363,1257.8700000000001,195,1257.8700000000001,195,1
13155.0,2010-12-06 12:44:00,2011-01-17 11:21:00,2,262,569.2,226,284.6,268,0
13157.0,2011-02-14 14:03:00,2011-07-21 14:34:00,3,788,873.1999999999999,41,291.06666666666666,198,0
13158.0,2011-01-25 09:58:00,2011-08-12 09:04:00,3,519,868.17,19,289.39,218,0
13159.0,2011-08-16 11:44:00,2011-08-25 15:12:00,2,627,843.09,6,421.545,15,0
13161.0,2011-01-30 14:03:00,2011-01-30 14:03:00,1,29,112.75,213,112.75,213,1
13162.0,2011-01-09 10:43:00,2011-08-09 15:59:00,4,1713,1688.29,22,422.0725,234,1
13165.0,2010-12-23 14:06:00,2010-12-23 14:06:00,1,496,354.64,251,354.64,251,0
13166.0,2011-03-01 15:16:00,2011-03-01 15:16:00,1,216,417.2,183,417.2,183,1
13167.0,2011-07-19 12:13:00,2011-08-01 12:12:00,2,447,417.55,30,208.775,43,0
13168.0,2011-01-25 13:55:00,2011-05-24 13:56:00,3,545,953.0600000000001,99,317.68666666666667,218,0
13169.0,2011-04-01 14:24:00,2011-04-01 14:24:00,1,96,505.2,152,505.2,152,0
13171.0,2011-02-13 14:16:00,2011-02-13 14:16:00,1,53,140.35,199,140.35,199,0
13173.0,2010-12-07 14:30:00,2010-12-07 14:30:00,1,114,165.94,267,165.94,267,0
13174.0,2010-12-05 16:24:00,2011-01-27 15:36:00,2,927,2034.06,216,1017.03,269,0
13178.0,2010-12-14 12:22:00,2011-07-29 13:37:00,8,2599,4391.7300000000005,33,548.9662500000001,260,0
13183.0,2011-01-09 10:50:00,2011-08-30 16:53:00,6,1448,2394.98,1,399.16333333333336,234,0
13184.0,2011-02-22 17:25:00,2011-08-01 11:12:00,9,1537,1472.1,30,163.56666666666666,190,0
13185.0,2011-03-17 11:56:00,2011-03-17 11:56:00,1,12,71.4,167,71.4,167,1
13186.0,2011-08-03 09:09:00,2011-08-03 09:09:00,1,360,988.34,28,988.34,28,0
13187.0,2011-01-06 18:57:00,2011-01-06 18:57:00,1,95,236.02,237,236.02,237,1
13189.0,2011-08-16 13:12:00,2011-08-16 13:12:00,1,526,127.0,15,127.0,15,0
13192.0,2011-05-18 14:57:00,2011-05-18 14:57:00,1,298,464.32,105,464.32,105,0
13194.0,2011-07-27 09:01:00,2011-07-27 09:01:00,1,26,60.7,35,60.7,35,1
13196.0,2011-03-22 14:24:00,2011-03-22 14:24:00,1,320,512.13,162,512.13,162,0
13198.0,2010-12-13 09:29:00,2011-08-11 12:48:00,5,2369,3009.18,20,601.836,261,0
13199.0,2010-12-08 10:51:00,2011-08-28 12:43:00,21,3492,4553.84,3,216.84952380952382,266,0
13200.0,2011-08-05 14:50:00,2011-08-05 14:50:00,1,249,319.32,26,319.32,26,0
13203.0,2011-04-11 14:40:00,2011-08-11 10:29:00,2,274,309.86,20,154.93,142,0
13207.0,2011-07-12 11:35:00,2011-07-12 11:35:00,1,72,197.52000000000004,50,197.52000000000004,50,0
13208.0,2011-02-03 19:32:00,2011-07-07 14:18:00,4,572,828.8199999999999,55,207.20499999999998,209,0
13209.0,2010-12-13 10:31:00,2011-08-03 12:10:00,5,3255,4156.08,28,831.216,261,0
13211.0,2010-12-13 16:17:00,2010-12-13 16:17:00,1,46,110.7,261,110.7,261,0
13213.0,2011-05-24 12:22:00,2011-08-03 13:06:00,4,478,963.88,28,240.97,99,0
13216.0,2011-03-17 12:18:00,2011-03-17 12:18:00,1,297,333.74,167,333.74,167,1
13217.0,2011-07-06 12:08:00,2011-08-09 15:32:00,3,262,533.98,22,177.99333333333334,56,1
13218.0,2011-08-04 16:59:00,2011-08-04 16:59:00,1,88,62.63999999999999,27,62.63999999999999,27,1
13220.0,2011-04-17 10:59:00,2011-06-07 11:10:00,3,132,726.49,85,242.16333333333333,136,0
13221.0,2010-12-15 13:24:00,2011-04-13 16:58:00,2,244,847.41,140,423.705,259,1
13223.0,2011-04-21 15:16:00,2011-05-23 13:03:00,2,88,163.20000000000002,100,81.60000000000001,132,1
13224.0,2011-07-11 14:10:00,2011-07-11 14:10:00,1,665,1212.26,51,1212.26,51,0
13225.0,2010-12-13 09:49:00,2011-07-19 16:36:00,5,2164,4299.56,43,859.912,261,0
13226.0,2011-03-11 14:35:00,2011-03-11 14:35:00,1,80,108.21000000000001,173,108.21000000000001,173,1
13227.0,2011-05-22 11:47:00,2011-05-22 11:47:00,1,99,257.7,101,257.7,101,1
13229.0,2011-04-28 12:07:00,2011-04-28 12:07:00,1,63,160.95,125,160.95,125,1
13230.0,2010-12-09 19:28:00,2011-07-24 16:18:00,12,1332,2195.23,38,182.93583333333333,265,0
13232.0,2011-04-10 13:48:00,2011-06-12 11:17:00,4,547,861.45,80,215.3625,143,0
13233.0,2011-01-07 14:49:00,2011-01-07 14:49:00,1,404,304.24,236,304.24,236,0
13235.0,2011-05-11 17:13:00,2011-05-11 17:13:00,1,441,1031.07,112,1031.07,112,1
13236.0,2011-08-25 08:58:00,2011-08-25 08:58:00,1,168,439.23,6,439.23,6,0
13238.0,2010-12-14 14:37:00,2011-06-29 12:12:00,2,137,318.85,63,159.425,260,0
13239.0,2011-03-23 10:25:00,2011-03-23 10:25:00,1,327,329.56,161,329.56,161,1
13240.0,2010-12-09 12:49:00,2011-06-19 15:33:00,3,241,553.61,73,184.53666666666666,265,0
13242.0,2011-05-10 12:26:00,2011-08-19 12:53:00,3,130,270.40000000000003,12,90.13333333333334,113,1
13243.0,2011-05-20 13:14:00,2011-05-20 13:14:00,1,232,585.12,103,585.12,103,1
13246.0,2011-01-13 13:36:00,2011-06-16 12:51:00,5,1533,1838.51,76,367.702,230,0
13248.0,2011-06-03 13:05:00,2011-08-07 12:40:00,2,305,465.68,24,232.84,89,1
13249.0,2011-03-23 15:26:00,2011-03-23 15:26:00,1,240,291.84000000000003,161,291.84000000000003,161,0
13253.0,2011-01-04 15:43:00,2011-07-06 10:09:00,2,1572,1030.4,56,515.2,239,1
13255.0,2010-12-01 11:58:00,2010-12-01 11:58:00,1,110,225.7,273,225.7,273,0
13258.0,2011-05-18 13:11:00,2011-05-18 13:11:00,1,77,198.87,105,198.87,105,0
13261.0,2011-02-27 10:41:00,2011-03-16 12:22:00,2,210,944.1,168,472.05,185,1
13262.0,2011-03-21 15:06:00,2011-03-21 15:06:00,1,125,200.29,163,200.29,163,1
13263.0,2011-01-18 16:31:00,2011-08-23 17:31:00,23,2795,4854.79,8,211.07782608695652,225,0
13265.0,2011-03-11 09:54:00,2011-06-09 09:28:00,3,1126,1450.66,83,483.55333333333334,173,0
13266.0,2011-03-28 10:14:00,2011-08-19 09:35:00,8,3060,2535.58,12,316.9475,156,0
13267.0,2010-12-08 09:20:00,2011-08-21 11:43:00,14,1212,2800.94,10,200.06714285714287,266,0
13268.0,2011-03-17 13:20:00,2011-06-23 11:38:00,6,2490,2117.81,69,352.9683333333333,167,0
13269.0,2010-12-05 11:51:00,2011-08-22 12:10:00,8,2014,2978.5,9,372.3125,269,0
13270.0,2010-12-08 14:53:00,2010-12-08 14:53:00,1,200,590.0,266,590.0,266,1
13273.0,2011-08-18 14:02:00,2011-08-18 14:02:00,1,153,138.98,13,138.98,13,1
13277.0,2011-07-29 10:06:00,2011-08-15 14:50:00,2,86,125.9,16,62.95,33,0
13280.0,2011-01-06 17:10:00,2011-08-09 13:14:00,3,518,798.46,22,266.15333333333336,237,1
13282.0,2011-05-03 12:03:00,2011-06-30 13:17:00,2,172,773.1,62,386.55,120,0
13283.0,2011-06-07 12:39:00,2011-06-07 12:39:00,1,30,25.5,85,25.5,85,0
13284.0,2011-01-13 09:23:00,2011-01-13 09:23:00,1,91,201.19,230,201.19,230,1
13285.0,2011-02-22 17:13:00,2011-07-01 14:53:00,3,1454,1970.1,61,656.6999999999999,190,0
13291.0,2011-07-07 10:36:00,2011-07-07 10:36:00,1,233,361.11,55,361.11,55,1
13292.0,2011-02-28 15:00:00,2011-02-28 15:00:00,1,133,249.57,184,249.57,184,0
13294.0,2011-04-04 12:37:00,2011-06-03 08:54:00,2,453,873.74,89,436.87,149,1
13295.0,2010-12-15 11:21:00,2010-12-15 11:21:00,1,82,201.20000000000002,259,201.20000000000002,259,1
13296.0,2011-07-25 13:46:00,2011-07-25 13:46:00,1,78,87.4,37,87.4,37,1
13299.0,2011-03-16 12:55:00,2011-03-16 12:55:00,1,30,142.5,168,142.5,168,1
13300.0,2011-06-23 13:09:00,2011-06-23 13:09:00,1,203,371.89,69,371.89,69,1
13301.0,2011-02-20 13:13:00,2011-08-28 11:25:00,4,345,618.09,3,154.5225,192,1
13302.0,2011-07-07 17:56:00,2011-07-07 17:56:00,1,5,63.75,55,63.75,55,1
13304.0,2010-12-23 14:35:00,2010-12-23 14:35:00,1,238,300.42,251,300.42,251,1
13305.0,2010-12-02 12:10:00,2011-08-16 14:41:00,6,697,1085.75,15,180.95833333333334,272,0
13307.0,2011-08-11 17:14:00,2011-08-11 17:14:00,1,4,15.0,20,15.0,20,1
13308.0,2011-05-20 13:13:00,2011-05-20 13:13:00,1,519,814.95,103,814.95,103,0
13309.0,2011-02-04 12:29:00,2011-05-17 12:44:00,2,616,546.64,106,273.32,208,0
13310.0,2011-01-19 14:50:00,2011-05-17 13:26:00,2,395,817.65,106,408.825,224,0
13311.0,2011-07-12 14:26:00,2011-07-12 14:26:00,1,271,490.11,50,490.11,50,0
13313.0,2011-01-04 10:00:00,2011-07-21 18:19:00,3,487,918.34,41,306.11333333333334,239,0
13316.0,2011-03-30 13:01:00,2011-07-31 11:48:00,2,4277,3535.18,31,1767.59,154,0
13317.0,2010-12-16 09:22:00,2011-05-25 10:35:00,5,500,1313.98,98,262.796,258,0
13319.0,2010-12-09 10:04:00,2011-08-18 16:43:00,18,2973,6897.070000000001,13,383.1705555555556,265,0
13320.0,2011-05-10 10:29:00,2011-08-25 12:10:00,3,787,981.15,6,327.05,113,0
13324.0,2010-12-14 09:50:00,2011-05-20 14:06:00,7,2473,3798.99,103,542.7128571428572,260,0
13327.0,2010-12-09 15:32:00,2011-08-19 11:55:00,7,1256,2738.75,12,391.25,265,0
13328.0,2011-01-27 15:22:00,2011-01-27 15:22:00,1,680,1308.48,216,1308.48,216,1
13329.0,2010-12-08 10:11:00,2010-12-08 10:11:00,1,175,304.2,266,304.2,266,0
13330.0,2011-01-28 10:08:00,2011-06-07 12:18:00,2,400,728.22,85,364.11,215,0
13334.0,2011-02-07 11:42:00,2011-06-02 11:33:00,2,1343,2708.59,90,1354.295,205,0
13338.0,2011-07-05 09:06:00,2011-07-05 09:06:00,1,256,487.02,57,487.02,57,1
13339.0,2011-05-23 08:31:00,2011-05-23 08:31:00,1,326,860.12,100,860.12,100,1
13340.0,2011-03-08 11:39:00,2011-08-26 09:55:00,5,5148,9229.54,5,1845.9080000000001,176,0
13341.0,2011-03-24 09:50:00,2011-03-24 09:50:00,1,301,775.85,160,775.85,160,1
13343.0,2011-06-15 12:24:00,2011-06-15 12:24:00,1,135,353.43,77,353.43,77,1
13344.0,2011-03-07 10:28:00,2011-03-07 10:28:00,1,599,1656.15,177,1656.15,177,0
13345.0,2011-02-25 09:01:00,2011-02-25 09:01:00,1,141,389.5,187,389.5,187,1
13355.0,2011-08-09 14:48:00,2011-08-09 14:48:00,1,314,674.7,22,674.7,22,1
13357.0,2011-03-27 13:56:00,2011-03-27 13:56:00,1,321,609.4,157,609.4,157,1
13358.0,2011-03-16 11:52:00,2011-03-16 11:52:00,1,285,439.03,168,439.03,168,1
13362.0,2011-02-25 11:33:00,2011-04-08 08:21:00,2,727,1581.53,145,790.765,187,0
13365.0,2011-05-06 12:00:00,2011-05-06 12:00:00,1,404,700.6,117,700.6,117,0
13368.0,2011-01-06 12:32:00,2011-03-28 09:59:00,2,327,623.4,156,311.7,237,1
13369.0,2010-12-09 11:30:00,2010-12-09 11:30:00,1,149,308.28000000000003,265,308.28000000000003,265,1
13370.0,2010-12-03 10:26:00,2010-12-03 10:26:00,1,343,754.87,271,754.87,271,1
13373.0,2011-03-08 14:35:00,2011-07-04 12:19:00,2,944,2055.58,58,1027.79,176,0
13376.0,2011-04-19 13:03:00,2011-05-20 09:08:00,2,356,770.0,103,385.0,134,0
13379.0,2011-07-26 12:26:00,2011-07-26 12:26:00,1,166,136.29,36,136.29,36,0
13381.0,2011-02-14 10:10:00,2011-08-18 13:47:00,4,1251,2461.33,13,615.3325,198,0
13382.0,2011-03-04 10:03:00,2011-03-04 10:03:00,1,131,222.99,180,222.99,180,1
13384.0,2011-06-14 12:47:00,2011-08-03 09:40:00,2,1062,1755.84,28,877.92,78,0
13385.0,2011-01-14 09:52:00,2011-01-14 09:52:00,1,281,534.57,229,534.57,229,1
13388.0,2011-07-31 12:52:00,2011-07-31 12:52:00,2,282,677.1,31,338.55,31,1
13389.0,2011-04-21 12:12:00,2011-04-21 12:12:00,1,115,257.89,132,257.89,132,0
13391.0,2011-05-20 10:50:00,2011-05-20 10:50:00,1,4,59.8,103,59.8,103,1
13394.0,2011-02-03 10:39:00,2011-08-16 09:25:00,5,1475,1543.45,15,308.69,209,0
13395.0,2011-06-07 15:04:00,2011-06-07 15:04:00,1,336,307.72,85,307.72,85,1
13396.0,2011-01-24 13:37:00,2011-01-24 13:37:00,1,139,387.27000000000004,219,387.27000000000004,219,0
13397.0,2011-01-04 13:50:00,2011-08-21 11:29:00,4,358,1228.19,10,307.0475,239,0
13398.0,2011-05-31 13:17:00,2011-05-31 13:17:00,1,281,457.34,92,457.34,92,1
13402.0,2010-12-02 17:12:00,2011-08-04 15:51:00,2,479,621.23,27,310.615,272,1
13404.0,2011-05-11 11:57:00,2011-05-11 11:57:00,1,99,217.81,112,217.81,112,0
13405.0,2011-01-26 09:27:00,2011-05-19 16:31:00,2,163,557.45,104,278.725,217,0
13408.0,2010-12-01 10:39:00,2011-08-25 15:21:00,40,10270,17408.08,6,435.20200000000006,273,0
13410.0,2011-02-21 14:38:00,2011-06-05 15:52:00,3,300,545.04,87,181.67999999999998,191,0
13411.0,2011-08-24 13:57:00,2011-08-24 13:57:00,1,72,213.55,7,213.55,7,1
13414.0,2011-02-16 12:13:00,2011-07-29 11:45:00,3,1574,1390.5,33,463.5,196,1
13417.0,2011-05-18 16:26:00,2011-05-18 16:26:00,1,72,236.0,105,236.0,105,0
13418.0,2010-12-02 10:45:00,2011-08-07 15:43:00,14,2684,4342.13,24,310.15214285714285,272,0
13420.0,2011-06-22 11:35:00,2011-07-13 08:48:00,2,101,159.85,49,79.925,70,1
13421.0,2011-02-22 15:46:00,2011-02-22 15:46:00,1,495,825.04,190,825.04,190,0
13425.0,2011-02-18 08:34:00,2011-08-23 17:13:00,3,1123,1624.21,8,541.4033333333333,194,1
13426.0,2010-12-15 12:43:00,2011-06-10 09:23:00,5,1199,1558.68,82,311.736,259,0
13427.0,2011-05-08 15:58:00,2011-08-11 12:53:00,2,431,464.86,20,232.43,115,0
13435.0,2011-06-03 17:07:00,2011-08-21 13:43:00,3,894,1088.1200000000001,10,362.7066666666667,89,0
13437.0,2011-06-02 14:30:00,2011-08-02 14:00:00,3,640,2024.25,29,674.75,90,0
13439.0,2011-03-29 14:20:00,2011-03-29 14:20:00,1,242,283.71,155,283.71,155,1
13448.0,2010-12-01 10:52:00,2011-05-05 11:53:00,4,720,1423.26,118,355.815,273,0
13450.0,2011-05-05 19:48:00,2011-08-07 10:24:00,4,1270,1421.46,24,355.365,118,0
13451.0,2011-01-09 15:35:00,2011-08-05 16:43:00,4,1743,2385.5,26,596.375,234,0
13452.0,2011-03-14 11:38:00,2011-03-25 14:19:00,2,2,590.0,159,295.0,170,1
13453.0,2011-02-23 09:44:00,2011-06-27 09:34:00,2,134,356.97999999999996,65,178.48999999999998,189,1
13455.0,2010-12-08 13:11:00,2010-12-08 13:11:00,1,190,692.94,266,692.94,266,0
13456.0,2011-05-16 15:34:00,2011-07-07 13:52:00,3,261,855.0600000000001,55,285.02000000000004,107,0
13458.0,2010-12-15 12:05:00,2011-07-27 10:40:00,9,4359,7355.44,35,817.271111111111,259,0
13461.0,2011-06-29 10:23:00,2011-07-24 11:32:00,2,836,884.2,38,442.1,63,0
13462.0,2011-04-01 11:20:00,2011-04-01 11:20:00,1,62,151.5,152,151.5,152,1
13466.0,2011-06-08 16:39:00,2011-06-08 16:39:00,1,259,307.9,84,307.9,84,1
13468.0,2010-12-01 15:08:00,2011-08-24 10:22:00,27,1805,4255.53,7,157.61222222222221,273,0
13470.0,2011-08-16 17:06:00,2011-08-16 17:06:00,1,70,115.5,15,115.5,15,0
13473.0,2011-01-11 08:45:00,2011-01-11 08:45:00,1,198,241.26,232,241.26,232,0
13474.0,2011-04-17 13:53:00,2011-04-17 13:53:00,1,129,226.84,136,226.84,136,1
13475.0,2011-02-14 12:36:00,2011-06-01 13:52:00,4,1012,1431.78,91,357.945,198,1
13476.0,2011-03-03 14:43:00,2011-06-14 12:00:00,2,417,1238.47,78,619.235,181,1
13477.0,2011-02-21 12:29:00,2011-07-24 13:17:00,4,626,899.55,38,224.8875,191,0
13479.0,2011-04-19 11:27:00,2011-05-23 10:45:00,2,134,300.95,100,150.475,134,1
13481.0,2011-03-28 09:07:00,2011-08-23 13:28:00,4,861,1361.33,8,340.3325,156,0
13482.0,2011-04-21 17:03:00,2011-04-21 17:03:00,1,116,184.64,132,184.64,132,1
13484.0,2011-04-12 16:30:00,2011-04-12 16:30:00,1,44,313.8,141,313.8,141,1
13485.0,2011-04-20 13:58:00,2011-04-20 13:58:00,1,277,454.24,133,454.24,133,1
13486.0,2011-07-07 17:19:00,2011-08-03 13:10:00,2,529,819.61,28,409.805,55,0
13487.0,2010-12-21 14:54:00,2011-05-10 16:19:00,2,213,408.8,113,204.4,253,0
13488.0,2010-12-07 13:01:00,2011-08-11 10:29:00,9,3232,6596.38,20,732.9311111111111,267,0
13489.0,2011-02-18 10:42:00,2011-08-26 13:16:00,4,560,449.52,5,112.38,194,1
13491.0,2010-12-02 14:30:00,2011-07-15 09:00:00,9,812,1088.45,47,120.9388888888889,272,0
13492.0,2011-05-09 10:06:00,2011-07-26 14:25:00,3,408,1269.84,36,423.28,114,1
13493.0,2011-02-25 16:42:00,2011-03-09 15:35:00,2,380,618.63,175,309.315,187,1
13494.0,2011-02-01 11:58:00,2011-02-01 11:58:00,1,162,316.26000000000005,211,316.26000000000005,211,1
13495.0,2010-12-06 15:14:00,2011-04-21 15:15:00,3,485,1072.43,132,357.4766666666667,268,0
13496.0,2010-12-15 10:17:00,2010-12-15 10:17:00,1,229,501.01,259,501.01,259,0
13497.0,2010-12-06 11:37:00,2011-03-02 09:04:00,2,163,348.05,182,174.025,268,1
13499.0,2011-03-15 08:52:00,2011-04-28 14:59:00,2,265,463.79,125,231.895,169,0
13500.0,2011-08-09 12:20:00,2011-08-09 12:20:00,1,128,326.4,22,326.4,22,0
13501.0,2011-02-24 18:59:00,2011-02-24 18:59:00,1,560,1340.32,188,1340.32,188,1
13502.0,2011-01-20 09:03:00,2011-03-10 08:40:00,2,110,189.16,174,94.58,223,0
13505.0,2011-04-21 12:07:00,2011-06-26 12:36:00,3,1261,2583.12,66,861.04,132,0
13506.0,2010-12-05 12:15:00,2011-01-27 13:53:00,2,324,458.52,216,229.26,269,1
13507.0,2011-07-17 11:50:00,2011-08-24 15:12:00,2,1040,1636.47,7,818.235,45,0
13508.0,2011-04-10 11:58:00,2011-04-10 11:58:00,1,24,110.97,143,110.97,143,1
13509.0,2011-02-28 13:27:00,2011-07-13 10:08:00,4,767,665.02,49,166.255,184,0
13510.0,2011-06-09 09:32:00,2011-06-09 09:32:00,1,421,585.3199999999999,83,585.3199999999999,83,0
13512.0,2011-03-24 10:03:00,2011-03-24 10:03:00,1,143,251.21,160,251.21,160,1
13513.0,2011-08-05 11:50:00,2011-08-05 11:50:00,1,109,205.1,26,205.1,26,1
13515.0,2011-04-06 10:33:00,2011-08-14 13:21:00,3,473,523.96,17,174.65333333333334,147,0
13516.0,2011-04-15 11:06:00,2011-04-15 11:06:00,1,56,146.0,138,146.0,138,0
13517.0,2011-06-13 08:44:00,2011-08-25 11:40:00,2,981,1612.18,6,806.09,79,0
13520.0,2010-12-03 10:36:00,2011-07-25 12:22:00,5,1312,2947.98,37,589.596,271,0
13523.0,2010-12-08 14:22:00,2011-05-24 08:51:00,3,828,2369.24,99,789.7466666666666,266,0
13524.0,2011-05-04 12:26:00,2011-08-30 12:45:00,3,187,408.86,1,136.28666666666666,119,0
13525.0,2011-04-05 15:36:00,2011-04-05 15:36:00,1,208,282.88,148,282.88,148,0
13527.0,2011-01-17 11:17:00,2011-08-26 13:22:00,4,1288,1362.52,5,340.63,226,0
13529.0,2011-05-19 11:50:00,2011-05-19 11:50:00,1,30,181.1,104,181.1,104,0
13531.0,2010-12-08 15:03:00,2011-05-18 16:56:00,2,174,483.8,105,241.9,266,1
13533.0,2011-03-17 12:47:00,2011-06-10 11:54:00,3,202,269.09,82,89.69666666666666,167,1
13534.0,2010-12-16 15:23:00,2011-08-24 10:36:00,21,2242,4371.53,7,208.16809523809522,258,0
13538.0,2011-01-28 10:40:00,2011-08-11 08:50:00,5,125,891.75,20,178.35,215,0
13539.0,2011-02-03 15:23:00,2011-04-13 13:45:00,2,231,315.65,140,157.825,209,0
13544.0,2011-04-13 12:09:00,2011-04-13 12:09:00,1,63,113.01,140,113.01,140,0
13546.0,2011-05-23 12:14:00,2011-05-23 12:14:00,1,107,182.26,100,182.26,100,0
13548.0,2011-04-10 11:35:00,2011-04-10 11:35:00,1,164,281.01,143,281.01,143,0
13549.0,2011-04-11 13:42:00,2011-07-20 13:21:00,5,411,762.05,42,152.41,142,0
13551.0,2011-01-24 14:46:00,2011-01-24 14:46:00,1,12,91.80000000000001,219,91.80000000000001,219,1
13552.0,2011-01-28 10:10:00,2011-08-08 11:28:00,9,1024,2762.91,23,306.99,215,0
13555.0,2011-05-22 11:06:00,2011-05-22 11:24:00,2,868,1590.05,101,795.025,101,0
13557.0,2011-03-04 12:14:00,2011-03-04 12:14:00,1,224,240.68,180,240.68,180,0
13561.0,2011-05-08 12:39:00,2011-05-08 12:39:00,1,83,141.85999999999999,115,141.85999999999999,115,1
13562.0,2011-04-08 12:42:00,2011-07-21 15:12:00,2,527,1209.73,41,604.865,145,0
13563.0,2011-07-22 17:21:00,2011-07-22 17:21:00,1,146,310.88,40,310.88,40,0
13564.0,2010-12-06 17:26:00,2011-07-18 14:33:00,3,636,1724.67,44,574.89,268,1
13565.0,2011-01-09 14:28:00,2011-01-09 14:28:00,1,78,110.17999999999999,234,110.17999999999999,234,0
13568.0,2011-06-19 14:42:00,2011-06-19 14:42:00,1,66,187.05,73,187.05,73,1
13569.0,2010-12-07 12:29:00,2010-12-07 12:29:00,1,43,109.82000000000001,267,109.82000000000001,267,0
13570.0,2011-04-10 13:36:00,2011-04-10 13:36:00,1,161,239.49,143,239.49,143,1
13571.0,2011-03-31 12:43:00,2011-08-04 11:59:00,6,672,801.15,27,133.525,153,0
13572.0,2011-05-18 11:59:00,2011-05-18 11:59:00,1,534,1384.25,105,1384.25,105,1
13573.0,2011-03-31 14:47:00,2011-03-31 14:47:00,1,10,31.770000000000003,153,31.770000000000003,153,0
13575.0,2011-06-16 14:24:00,2011-07-29 11:28:00,2,113,218.75,33,109.375,76,0
13576.0,2010-12-01 17:24:00,2011-08-18 16:19:00,12,1718,4517.21,13,376.43416666666667,273,0
13577.0,2011-04-12 10:33:00,2011-07-14 10:11:00,2,337,822.1,48,411.05,141,0
13579.0,2010-12-05 16:10:00,2010-12-05 16:10:00,1,46,164.70000000000002,269,164.70000000000002,269,0
13581.0,2011-02-03 14:41:00,2011-02-03 14:41:00,1,30,118.0,209,118.0,209,1
13583.0,2011-07-07 10:40:00,2011-07-07 10:40:00,1,725,781.03,55,781.03,55,1
13584.0,2011-02-06 12:49:00,2011-02-06 12:49:00,1,37,142.4,206,142.4,206,1
13588.0,2011-03-29 15:53:00,2011-08-11 15:25:00,3,1118,1075.62,20,358.53999999999996,155,0
13589.0,2011-06-13 12:44:00,2011-06-13 12:44:00,1,28,147.0,79,147.0,79,0
13590.0,2011-02-09 13:25:00,2011-07-12 10:46:00,4,900,1116.38,50,279.095,203,0
13591.0,2011-03-18 12:18:00,2011-05-19 13:58:00,2,263,776.23,104,388.115,166,0
13592.0,2011-03-20 14:01:00,2011-05-18 09:13:00,3,71,205.51,105,68.50333333333333,164,0
13593.0,2011-01-07 16:32:00,2011-08-23 13:35:00,5,719,2011.88,8,402.37600000000003,236,1
13599.0,2010-12-08 10:11:00,2011-07-06 12:18:00,8,1531,2313.84,56,289.23,266,0
13600.0,2011-01-31 15:27:00,2011-01-31 15:27:00,1,324,219.52,212,219.52,212,1
13601.0,2011-05-12 16:52:00,2011-05-12 16:52:00,1,275,373.2,111,373.2,111,0
13606.0,2011-02-01 11:42:00,2011-04-10 12:52:00,2,240,246.63,143,123.315,211,0
13610.0,2011-02-27 14:44:00,2011-08-21 14:42:00,5,364,764.76,10,152.952,185,0
13611.0,2010-12-15 10:31:00,2011-06-22 12:25:00,2,420,636.72,70,318.36,259,0
13614.0,2011-01-13 12:37:00,2011-06-28 14:58:00,2,243,778.88,64,389.44,230,0
13615.0,2011-01-25 08:21:00,2011-01-25 08:21:00,1,189,417.69,218,417.69,218,1
13617.0,2011-06-12 12:55:00,2011-08-18 13:17:00,2,188,365.7,13,182.85,80,0
13618.0,2011-06-19 11:09:00,2011-06-19 11:09:00,1,246,177.34,73,177.34,73,1
13621.0,2011-08-15 08:26:00,2011-08-15 08:26:00,1,343,213.85,16,213.85,16,1
13623.0,2011-02-15 13:08:00,2011-05-13 16:12:00,4,149,539.17,110,134.7925,197,0
13626.0,2011-04-01 10:05:00,2011-04-01 10:05:00,1,209,257.23,152,257.23,152,1
13627.0,2010-12-17 09:52:00,2011-06-16 13:50:00,3,775,1027.0,76,342.3333333333333,257,0
13629.0,2011-01-05 12:09:00,2011-07-26 09:55:00,7,2772,4897.36,36,699.6228571428571,238,0
13630.0,2011-02-27 12:49:00,2011-08-26 10:32:00,5,973,1361.46,5,272.29200000000003,185,0
13631.0,2011-03-17 17:13:00,2011-07-19 15:49:00,10,460,3017.92,43,301.79200000000003,167,0
13632.0,2011-04-10 15:07:00,2011-06-19 12:23:00,3,310,812.26,73,270.75333333333333,143,0
13634.0,2011-01-16 15:30:00,2011-08-25 13:46:00,3,347,755.97,6,251.99,227,0
13636.0,2011-02-27 14:29:00,2011-08-09 14:56:00,4,339,646.55,22,161.6375,185,0
13637.0,2011-04-27 13:06:00,2011-06-05 13:24:00,2,350,678.65,87,339.325,126,0
13642.0,2011-05-08 12:34:00,2011-05-08 12:34:00,1,151,312.28,115,312.28,115,1
13643.0,2011-06-07 11:40:00,2011-06-07 11:40:00,1,60,87.9,85,87.9,85,0
13644.0,2011-08-26 11:53:00,2011-08-26 11:53:00,1,659,851.09,5,851.09,5,0
13645.0,2011-08-11 16:11:00,2011-08-11 16:11:00,1,158,252.1,20,252.1,20,1
13647.0,2011-04-19 09:49:00,2011-06-17 13:17:00,2,441,803.86,75,401.93,134,0
13649.0,2010-12-08 14:46:00,2011-03-28 11:51:00,2,139,346.6,156,173.3,266,1
13650.0,2011-03-17 12:37:00,2011-05-16 14:19:00,2,284,745.52,107,372.76,167,0
13652.0,2010-12-06 09:21:00,2011-03-28 09:21:00,2,290,638.24,156,319.12,268,0
13654.0,2011-03-11 12:54:00,2011-07-17 13:29:00,4,1532,1714.27,45,428.5675,173,0
13655.0,2011-04-12 09:53:00,2011-08-17 14:25:00,2,605,932.97,14,466.485,141,1
13656.0,2011-01-06 15:42:00,2011-06-28 10:31:00,2,490,379.65,64,189.825,237,1
13657.0,2011-05-22 12:35:00,2011-05-22 12:35:00,1,132,152.34,101,152.34,101,0
13658.0,2011-05-19 17:15:00,2011-05-19 17:15:00,1,300,933.3,104,933.3,104,0
13659.0,2011-01-23 12:08:00,2011-05-18 12:37:00,2,882,1563.0,105,781.5,220,1
13662.0,2011-03-25 13:23:00,2011-05-11 13:23:00,2,353,516.44,112,258.22,159,0
13663.0,2011-06-13 15:44:00,2011-06-13 15:44:00,1,91,189.47,79,189.47,79,1
13666.0,2011-02-25 13:05:00,2011-02-25 13:08:00,2,37,64.05,187,32.025,187,0
13667.0,2011-07-13 15:42:00,2011-07-13 15:42:00,1,149,299.05,49,299.05,49,1
13668.0,2010-12-12 12:35:00,2011-08-18 12:53:00,16,2938,4900.97,13,306.310625,262,0
13669.0,2011-07-13 11:44:00,2011-07-13 11:44:00,1,13,48.150000000000006,49,48.150000000000006,49,0
13672.0,2011-01-11 13:54:00,2011-02-11 13:53:00,2,57,186.39000000000001,201,93.19500000000001,232,1
13675.0,2011-02-28 12:14:00,2011-07-11 12:57:00,2,330,486.82000000000005,51,243.41000000000003,184,1
13678.0,2011-07-11 10:14:00,2011-07-11 10:14:00,1,924,232.6,51,232.6,51,1
13680.0,2011-01-04 14:12:00,2011-01-06 12:11:00,2,1195,2391.59,237,1195.795,239,0
13681.0,2011-07-07 15:21:00,2011-07-07 15:21:00,1,96,203.46,55,203.46,55,0
13682.0,2011-06-05 14:06:00,2011-06-05 14:06:00,1,10,59.5,87,59.5,87,1
13684.0,2011-02-27 10:13:00,2011-02-27 10:13:00,1,38,65.13,185,65.13,185,1
13686.0,2011-06-10 09:10:00,2011-06-10 09:10:00,1,70,72.0,82,72.0,82,1
13692.0,2011-04-17 12:57:00,2011-05-10 10:11:00,2,735,871.58,113,435.79,136,0
13694.0,2010-12-01 12:12:00,2011-08-24 13:27:00,39,48830,45911.64,7,1177.2215384615386,273,0
13695.0,2011-03-25 11:31:00,2011-08-12 11:41:00,11,914,1385.53,19,125.95727272727272,159,0
13699.0,2011-07-07 16:51:00,2011-07-07 16:51:00,1,66,308.58000000000004,55,308.58000000000004,55,1
13700.0,2011-01-16 13:18:00,2011-06-16 11:24:00,6,1536,1229.31,76,204.885,227,0
13703.0,2011-01-25 13:10:00,2011-01-25 13:10:00,1,10,99.5,218,99.5,218,1
13705.0,2010-12-01 10:29:00,2011-07-18 09:15:00,2,237,522.68,44,261.34,273,0
13706.0,2011-02-10 09:21:00,2011-02-10 09:21:00,1,189,330.79,202,330.79,202,1
13707.0,2011-01-28 13:27:00,2011-03-17 18:03:00,2,351,806.41,167,403.205,215,1
13708.0,2011-03-13 13:46:00,2011-03-13 13:46:00,1,301,285.33,171,285.33,171,1
13709.0,2011-01-28 14:57:00,2011-08-30 10:20:00,5,1890,2918.81,1,583.762,215,0
13711.0,2011-05-05 10:29:00,2011-05-05 10:31:00,2,140,252.06,118,126.03,118,1
13712.0,2011-04-07 12:33:00,2011-04-07 12:33:00,1,352,228.84,146,228.84,146,1
13715.0,2010-12-02 08:52:00,2011-03-03 19:21:00,5,562,1077.39,181,215.478,272,1
13716.0,2011-03-15 13:49:00,2011-03-15 13:49:00,1,138,138.28,169,138.28,169,1
13717.0,2011-02-14 13:21:00,2011-08-03 08:21:00,4,1567,955.99,28,238.9975,198,0
13718.0,2011-02-17 11:58:00,2011-04-07 13:24:00,2,173,306.55,146,153.275,195,1
13719.0,2011-04-19 13:56:00,2011-05-18 12:52:00,2,186,338.74,105,169.37,134,0
13720.0,2011-03-30 09:17:00,2011-08-15 12:46:00,4,501,799.9,16,199.975,154,1
13722.0,2011-03-02 11:43:00,2011-07-31 12:44:00,3,1401,2375.41,31,791.8033333333333,182,1
13723.0,2011-05-06 17:04:00,2011-05-06 17:04:00,1,43,199.85000000000002,117,199.85000000000002,117,1
13725.0,2011-02-04 12:18:00,2011-06-23 16:02:00,7,724,1865.7,69,266.5285714285714,208,0
13726.0,2011-08-31 11:06:00,2011-08-31 11:06:00,1,384,292.68,0,292.68,0,0
13728.0,2011-02-02 12:09:00,2011-08-24 12:54:00,5,354,797.02,7,159.404,210,0
13730.0,2011-07-01 12:47:00,2011-07-27 08:35:00,2,488,752.6,35,376.3,61,1
13731.0,2011-04-07 10:10:00,2011-05-04 14:33:00,2,278,610.59,119,305.295,146,1
13735.0,2011-04-19 13:49:00,2011-06-17 11:07:00,2,719,1409.69,75,704.845,134,0
13736.0,2011-03-24 13:04:00,2011-03-24 13:04:00,1,228,357.53,160,357.53,160,0
13737.0,2011-05-23 16:32:00,2011-05-23 16:32:00,1,125,339.59999999999997,100,339.59999999999997,100,1
13740.0,2011-04-13 10:32:00,2011-04-13 10:32:00,1,425,350.75,140,350.75,140,1
13741.0,2011-05-06 13:43:00,2011-06-09 07:53:00,2,143,363.13,83,181.565,117,0
13742.0,2011-01-23 14:59:00,2011-06-30 13:25:00,10,964,2632.57,62,263.257,220,0
13743.0,2011-03-25 14:46:00,2011-08-24 10:20:00,5,1212,912.1199999999999,7,182.42399999999998,159,0
13744.0,2011-02-20 14:08:00,2011-02-20 14:08:00,1,899,817.3199999999999,192,817.3199999999999,192,0
13745.0,2011-06-30 16:43:00,2011-06-30 16:43:00,1,496,300.04,62,300.04,62,1
13747.0,2010-12-01 10:37:00,2010-12-01 10:37:00,1,8,79.6,273,79.6,273,1
13748.0,2010-12-01 09:00:00,2011-04-21 14:30:00,3,223,580.85,132,193.61666666666667,273,0
13750.0,2011-01-07 11:49:00,2011-07-22 14:39:00,4,431,1316.63,40,329.1575,236,0
13751.0,2011-02-24 15:56:00,2011-02-24 15:56:00,1,152,296.25,188,296.25,188,1
13752.0,2011-04-07 12:04:00,2011-08-07 14:16:00,6,874,1175.38,24,195.89666666666668,146,1
13753.0,2011-02-25 12:48:00,2011-02-25 12:48:00,1,512,741.26,187,741.26,187,1
13754.0,2011-01-26 14:58:00,2011-07-11 11:51:00,2,214,282.59999999999997,51,141.29999999999998,217,1
13756.0,2010-12-07 11:41:00,2011-08-02 17:04:00,7,1638,2558.34,29,365.4771428571429,267,0
13758.0,2010-12-01 12:08:00,2011-05-22 15:12:00,5,1493,2351.52,101,470.304,273,0
13760.0,2011-03-28 12:52:00,2011-03-28 12:52:00,1,96,135.09,156,135.09,156,0
13761.0,2011-06-13 08:43:00,2011-06-13 08:43:00,1,224,491.71000000000004,79,491.71000000000004,79,0
13762.0,2011-05-05 09:15:00,2011-05-05 09:15:00,1,272,306.72,118,306.72,118,1
13764.0,2011-01-06 14:53:00,2011-07-18 17:15:00,2,584,943.29,44,471.645,237,0
13767.0,2010-12-01 10:47:00,2011-08-23 10:24:00,28,3933,9676.37,8,345.5846428571429,273,0
13769.0,2010-12-07 13:28:00,2011-08-09 10:47:00,6,708,1730.24,22,288.37333333333333,267,0
13771.0,2011-04-06 15:47:00,2011-05-24 12:57:00,2,825,1464.8500000000001,99,732.4250000000001,147,0
13772.0,2011-04-14 12:31:00,2011-04-14 12:31:00,1,86,228.42,139,228.42,139,0
13777.0,2010-12-01 16:01:00,2011-08-02 12:59:00,24,5959,12360.24,29,515.01,273,0
13778.0,2011-08-28 15:25:00,2011-08-28 15:25:00,1,70,178.7,3,178.7,3,1
13780.0,2011-06-22 11:43:00,2011-06-22 11:43:00,1,173,116.28000000000002,70,116.28000000000002,70,0
13781.0,2011-04-03 12:08:00,2011-04-03 12:08:00,1,30,127.84,150,127.84,150,1
13782.0,2011-01-16 11:08:00,2011-08-07 12:21:00,3,184,484.79,24,161.59666666666666,227,0
13784.0,2011-01-11 14:38:00,2011-08-18 18:21:00,8,1833,1968.63,13,246.07875,232,0
13786.0,2010-12-07 13:53:00,2010-12-07 13:53:00,1,136,230.39999999999998,267,230.39999999999998,267,1
13787.0,2010-12-10 14:45:00,2010-12-10 14:45:00,1,56,106.4,264,106.4,264,0
13791.0,2011-06-24 16:38:00,2011-08-04 11:44:00,2,1200,1516.0,27,758.0,68,1
13792.0,2011-02-25 14:03:00,2011-02-25 14:03:00,1,28,74.60000000000001,187,74.60000000000001,187,0
13798.0,2010-12-02 17:24:00,2011-08-24 10:37:00,41,17638,28066.24,7,684.5424390243903,272,0
13799.0,2011-02-18 14:18:00,2011-08-15 12:07:00,2,402,688.86,16,344.43,194,1
13800.0,2011-02-03 12:27:00,2011-02-03 12:27:00,1,331,558.32,209,558.32,209,1
13802.0,2011-02-01 12:03:00,2011-07-24 10:54:00,3,2572,4599.42,38,1533.14,211,1
13803.0,2011-03-29 12:57:00,2011-03-29 12:57:00,1,121,277.07,155,277.07,155,1
13804.0,2011-02-23 09:09:00,2011-07-21 17:08:00,3,791,1355.11,41,451.7033333333333,189,0
13805.0,2011-08-02 15:29:00,2011-08-02 15:29:00,1,728,500.24,29,500.24,29,0
13807.0,2010-12-07 15:48:00,2010-12-07 15:48:00,1,36,112.6,267,112.6,267,1
13809.0,2011-02-07 13:15:00,2011-02-07 13:15:00,1,29,155.05,205,155.05,205,1
13811.0,2011-04-14 18:40:00,2011-06-09 09:54:00,3,68,814.5,83,271.5,139,1
13812.0,2011-08-26 12:54:00,2011-08-26 12:54:00,1,191,278.74,5,278.74,5,0
13813.0,2011-07-28 10:33:00,2011-07-28 10:33:00,1,177,385.14,34,385.14,34,0
13814.0,2011-07-25 13:54:00,2011-07-25 13:54:00,1,332,617.54,37,617.54,37,0
13815.0,2011-01-25 12:16:00,2011-06-20 13:08:00,2,1965,2977.75,72,1488.875,218,0
13817.0,2010-12-23 11:46:00,2010-12-23 11:46:00,1,63,128.7,251,128.7,251,0
13819.0,2011-01-24 10:38:00,2011-02-11 10:38:00,3,1109,1140.35,201,380.1166666666666,219,1
13821.0,2011-03-23 11:30:00,2011-07-18 09:49:00,2,153,385.64,44,192.82,161,1
13824.0,2011-02-02 13:07:00,2011-07-27 09:22:00,4,660,1429.84,35,357.46,210,0
13826.0,2011-06-16 13:48:00,2011-06-16 13:48:00,1,82,189.5,76,189.5,76,1
13827.0,2011-07-19 15:38:00,2011-07-29 11:45:00,2,95,300.76,33,150.38,43,0
13831.0,2010-12-05 12:13:00,2011-07-24 12:26:00,4,515,1450.85,38,362.7125,269,0
13833.0,2011-07-03 13:27:00,2011-07-03 13:27:00,1,117,383.85,59,383.85,59,1
13835.0,2011-05-08 15:22:00,2011-07-07 15:16:00,2,291,537.34,55,268.67,115,0
13837.0,2011-01-26 12:15:00,2011-05-12 12:10:00,2,182,266.59000000000003,111,133.29500000000002,217,1
13838.0,2010-12-05 10:45:00,2011-08-14 10:52:00,3,164,467.54,17,155.84666666666666,269,0
13841.0,2011-04-01 12:10:00,2011-04-01 12:10:00,1,100,85.0,152,85.0,152,1
13842.0,2010-12-08 10:39:00,2011-07-07 12:41:00,7,893,2165.27,55,309.32428571428574,266,0
13846.0,2010-12-14 16:07:00,2011-04-11 15:03:00,2,345,663.9300000000001,142,331.96500000000003,260,0
13848.0,2010-12-08 15:10:00,2011-02-15 10:17:00,2,2700,935.0,197,467.5,266,0
13849.0,2011-06-22 10:11:00,2011-06-22 10:11:00,1,332,593.5799999999999,70,593.5799999999999,70,0
13850.0,2011-08-02 14:04:00,2011-08-02 14:04:00,1,944,1595.48,29,1595.48,29,1
13851.0,2011-02-24 17:18:00,2011-08-03 14:07:00,2,1023,1353.28,28,676.64,188,0
13854.0,2010-12-09 10:48:00,2011-08-25 12:59:00,19,1742,6145.16,6,323.4294736842105,265,0
13856.0,2011-05-20 13:13:00,2011-06-24 10:03:00,3,494,388.5,68,129.5,103,1
13859.0,2011-01-17 16:14:00,2011-01-17 16:14:00,1,129,201.16,226,201.16,226,1
13862.0,2011-01-11 15:13:00,2011-08-23 14:53:00,6,1277,1781.3,8,296.8833333333333,232,0
13863.0,2011-04-06 10:20:00,2011-04-06 10:20:00,1,224,305.78,147,305.78,147,1
13865.0,2011-02-23 12:04:00,2011-07-26 11:24:00,3,154,383.34000000000003,36,127.78000000000002,189,0
13867.0,2011-05-05 17:28:00,2011-05-05 17:28:00,1,31,138.85,118,138.85,118,0
13869.0,2010-12-17 15:14:00,2011-08-08 13:53:00,4,1709,3083.65,23,770.9125,257,1
13870.0,2011-02-25 09:09:00,2011-08-30 11:32:00,5,1058,2179.4700000000003,1,435.89400000000006,187,0
13871.0,2011-02-04 09:30:00,2011-08-19 13:54:00,8,1746,4074.2400000000002,12,509.28000000000003,208,0
13873.0,2011-02-03 09:37:00,2011-08-12 10:08:00,3,140,389.6,19,129.86666666666667,209,1
13874.0,2010-12-16 18:20:00,2010-12-16 18:20:00,1,180,540.45,258,540.45,258,1
13875.0,2011-02-11 15:39:00,2011-07-29 09:11:00,4,1005,1424.8,33,356.2,201,0
13880.0,2010-12-07 14:00:00,2011-07-17 14:07:00,8,852,1680.76,45,210.095,267,0
13881.0,2011-02-01 10:14:00,2011-08-24 14:59:00,9,4766,6969.14,7,774.348888888889,211,0
13883.0,2011-03-31 17:17:00,2011-05-05 12:39:00,4,904,1742.78,118,435.695,153,0
13884.0,2011-03-01 13:40:00,2011-03-07 12:53:00,3,65,196.25,177,65.41666666666667,183,0
13885.0,2011-05-23 08:52:00,2011-06-03 15:07:00,2,182,506.8,89,253.4,100,1
13887.0,2011-05-19 17:22:00,2011-05-19 17:22:00,1,147,349.55,104,349.55,104,1
13888.0,2011-05-05 14:41:00,2011-08-12 10:13:00,2,254,595.67,19,297.835,118,1
13890.0,2010-12-16 09:31:00,2011-08-24 13:12:00,2,271,501.11,7,250.555,258,0
13892.0,2011-04-07 12:04:00,2011-04-07 12:04:00,1,140,54.519999999999996,146,54.519999999999996,146,0
13893.0,2011-02-15 11:30:00,2011-02-15 11:30:00,1,190,821.1,197,821.1,197,1
13894.0,2011-02-02 12:54:00,2011-02-02 12:54:00,1,105,160.85,210,160.85,210,0
13895.0,2011-06-28 10:17:00,2011-07-19 14:03:00,2,436,937.3000000000001,43,468.65000000000003,64,0
13898.0,2011-01-18 10:28:00,2011-01-18 10:28:00,1,133,155.93,225,155.93,225,1
13899.0,2011-03-10 09:30:00,2011-03-10 09:30:00,1,122,298.5,174,298.5,174,0
13900.0,2011-03-22 10:13:00,2011-06-09 19:26:00,3,430,740.95,83,246.98333333333335,162,1
13901.0,2011-01-25 09:01:00,2011-08-24 12:36:00,4,1547,2652.28,7,663.07,218,0
13904.0,2011-02-18 11:18:00,2011-02-18 11:18:00,1,223,201.12,194,201.12,194,0
13908.0,2011-03-08 12:04:00,2011-08-05 11:46:00,3,919,1461.61,26,487.2033333333333,176,0
13911.0,2011-02-04 14:46:00,2011-07-18 13:30:00,8,2189,2437.63,44,304.70375,208,0
13917.0,2011-06-01 12:46:00,2011-06-01 12:46:00,1,38,65.38,91,65.38,91,0
13918.0,2011-03-31 18:05:00,2011-03-31 18:05:00,1,100,198.2,153,198.2,153,0
13919.0,2011-08-10 10:15:00,2011-08-10 10:15:00,1,338,213.15,21,213.15,21,0
13922.0,2010-12-23 10:38:00,2010-12-23 10:38:00,1,93,172.25,251,172.25,251,1
13925.0,2011-07-28 12:09:00,2011-08-10 12:41:00,2,267,496.05,21,248.025,34,0
13928.0,2011-07-29 15:59:00,2011-08-25 12:13:00,2,87,225.45000000000002,6,112.72500000000001,33,0
13929.0,2011-01-17 15:11:00,2011-06-23 15:26:00,2,143,842.65,69,421.325,226,1
13930.0,2011-07-26 11:00:00,2011-07-26 11:00:00,1,210,210.0,36,210.0,36,0
13931.0,2011-03-04 08:43:00,2011-03-04 08:43:00,1,211,378.21000000000004,180,378.21000000000004,180,0
13932.0,2011-02-18 12:02:00,2011-02-18 12:02:00,1,72,307.4,194,307.4,194,1
13933.0,2011-07-14 13:35:00,2011-08-22 14:03:00,2,205,608.7900000000001,9,304.39500000000004,48,1
13934.0,2011-03-21 08:39:00,2011-03-21 08:39:00,1,390,922.1,163,922.1,163,1
13936.0,2011-06-13 08:47:00,2011-06-13 08:47:00,1,330,376.58,79,376.58,79,1
13937.0,2011-06-23 16:35:00,2011-06-23 16:35:00,1,123,158.85,69,158.85,69,1
13939.0,2011-02-01 11:30:00,2011-08-23 11:53:00,2,657,390.21,8,195.105,211,0
13940.0,2011-07-18 16:05:00,2011-08-15 12:47:00,2,240,391.06,16,195.53,44,0
13941.0,2010-12-02 10:17:00,2011-06-21 09:44:00,3,1382,2831.26,71,943.7533333333334,272,0
13946.0,2011-03-17 10:02:00,2011-05-22 12:03:00,2,263,485.96999999999997,101,242.98499999999999,167,0
13948.0,2010-12-14 10:18:00,2010-12-14 10:18:00,1,40,102.0,260,102.0,260,1
13950.0,2011-04-07 11:29:00,2011-04-07 11:29:00,1,81,179.30999999999997,146,179.30999999999997,146,0
13951.0,2011-02-18 15:21:00,2011-06-16 16:43:00,3,459,674.45,76,224.8166666666667,194,1
13952.0,2011-04-15 09:27:00,2011-05-06 09:00:00,2,1431,3251.071,117,1625.5355,138,1
13953.0,2010-12-22 10:29:00,2011-08-16 10:03:00,5,2048,2604.36,15,520.8720000000001,252,0
13955.0,2011-02-07 12:24:00,2011-07-08 17:19:00,2,154,322.96,54,161.48,205,1
13956.0,2011-03-13 12:51:00,2011-07-24 16:12:00,3,381,676.07,38,225.35666666666668,171,0
13959.0,2010-12-12 13:56:00,2011-03-03 18:16:00,2,198,337.44,181,168.72,262,0
13962.0,2011-04-08 11:21:00,2011-04-08 11:21:00,1,30,117.6,145,117.6,145,0
13963.0,2010-12-07 09:21:00,2011-02-04 14:43:00,4,460,664.54,208,166.135,267,1
13967.0,2011-07-17 12:02:00,2011-07-17 12:02:00,1,42,80.7,45,80.7,45,1
13969.0,2010-12-09 19:32:00,2011-08-24 15:47:00,11,1970,3883.23,7,353.0209090909091,265,0
13971.0,2011-02-27 12:27:00,2011-08-25 14:23:00,6,1332,1985.9,6,330.98333333333335,185,0
13972.0,2011-05-22 11:34:00,2011-05-22 11:34:00,1,42,145.9,101,145.9,101,0
13973.0,2011-02-25 15:21:00,2011-02-25 15:21:00,1,109,264.7,187,264.7,187,1
13975.0,2011-03-08 12:19:00,2011-08-03 13:39:00,4,948,1466.67,28,366.6675,176,0
13976.0,2011-05-17 09:13:00,2011-05-17 09:13:00,1,154,357.98,106,357.98,106,1
13982.0,2010-12-09 13:57:00,2011-06-29 15:11:00,3,783,1230.1399999999999,63,410.0466666666666,265,0
13983.0,2010-12-08 10:38:00,2011-06-05 16:05:00,8,793,1681.06,87,210.1325,266,0
13984.0,2010-12-08 15:58:00,2011-08-05 14:30:00,4,647,819.33,26,204.8325,266,0
13985.0,2011-03-20 13:48:00,2011-08-24 13:11:00,7,1380,2773.04,7,396.1485714285714,164,0
13988.0,2011-03-30 11:48:00,2011-06-30 11:54:00,3,1290,1923.5,62,641.1666666666666,154,0
13989.0,2011-04-14 15:39:00,2011-04-14 15:39:00,1,869,896.6700000000001,139,896.6700000000001,139,0
13990.0,2011-05-10 15:19:00,2011-05-10 15:19:00,1,190,311.3,113,311.3,113,1
13991.0,2011-07-19 12:58:00,2011-07-19 12:58:00,1,83,126.35,43,126.35,43,0
13993.0,2011-01-13 10:43:00,2011-08-31 12:31:00,6,653,2247.41,0,374.5683333333333,230,0
13994.0,2011-07-14 18:28:00,2011-08-26 11:35:00,2,133,419.56,5,209.78,48,0
13995.0,2011-04-08 08:20:00,2011-08-16 09:00:00,3,608,871.9,15,290.6333333333333,145,0
13999.0,2010-12-13 11:23:00,2011-08-16 11:48:00,8,1591,2561.94,15,320.2425,261,0
14000.0,2011-05-12 16:50:00,2011-05-12 16:50:00,1,710,635.66,111,635.66,111,1
14001.0,2010-12-01 12:58:00,2011-04-21 09:26:00,2,632,1309.14,132,654.57,273,0
14002.0,2011-07-06 14:59:00,2011-07-28 15:55:00,2,877,529.73,34,264.865,56,1
14004.0,2011-02-24 09:28:00,2011-08-23 12:21:00,4,1632,2962.26,8,740.565,188,0
14005.0,2011-05-08 10:33:00,2011-07-29 10:00:00,3,864,696.56,33,232.18666666666664,115,0
14006.0,2011-01-31 15:11:00,2011-08-16 09:39:00,3,641,962.19,15,320.73,212,1
14009.0,2011-05-18 13:00:00,2011-05-25 15:47:00,2,365,695.61,98,347.805,105,1
14012.0,2011-03-07 12:26:00,2011-03-07 12:26:00,1,160,328.8,177,328.8,177,1
14013.0,2011-03-09 08:59:00,2011-08-21 15:01:00,3,462,473.02,10,157.67333333333332,175,1
14016.0,2010-12-17 14:21:00,2011-07-01 11:29:00,4,2125,4341.21,61,1085.3025,257,1
14019.0,2011-07-24 15:39:00,2011-07-24 15:39:00,1,233,384.29,38,384.29,38,0
14021.0,2011-03-28 15:10:00,2011-07-07 15:46:00,3,192,631.9,55,210.63333333333333,156,1
14022.0,2011-04-28 14:39:00,2011-04-28 14:39:00,1,487,440.0,125,440.0,125,1
14023.0,2011-04-03 15:50:00,2011-04-03 15:50:00,1,162,273.14,150,273.14,150,0
14024.0,2011-08-07 13:31:00,2011-08-10 11:30:00,2,150,327.7,21,163.85,24,1
14029.0,2011-07-18 16:57:00,2011-07-18 16:57:00,1,24,165.20000000000002,44,165.20000000000002,44,0
14030.0,2010-12-08 16:11:00,2011-08-10 16:19:00,6,860,1657.5,21,276.25,266,0
14031.0,2010-12-02 16:34:00,2011-08-05 14:49:00,13,3588,9627.03,26,740.5407692307692,272,0
14032.0,2010-12-08 10:53:00,2011-06-24 11:08:00,6,1325,1845.37,68,307.56166666666667,266,0
14034.0,2011-07-05 13:06:00,2011-07-05 13:15:00,2,307,473.90999999999997,57,236.95499999999998,57,0
14035.0,2011-02-15 12:48:00,2011-08-24 13:15:00,3,447,837.26,7,279.08666666666664,197,0
14036.0,2011-02-28 09:26:00,2011-02-28 09:26:00,1,268,626.65,184,626.65,184,1
14037.0,2010-12-10 11:39:00,2011-06-16 13:57:00,2,46,147.20000000000002,76,73.60000000000001,264,1
14038.0,2011-05-16 14:05:00,2011-07-18 15:15:00,2,701,1086.42,44,543.21,107,0
14040.0,2011-01-12 14:57:00,2011-08-14 12:12:00,9,1144,2472.06,17,274.67333333333335,231,0
14041.0,2011-03-18 13:25:00,2011-03-18 13:25:00,1,94,141.41,166,141.41,166,1
14044.0,2011-02-03 11:39:00,2011-08-28 14:39:00,3,247,535.71,3,178.57000000000002,209,0
14045.0,2010-12-01 11:32:00,2011-08-22 15:27:00,4,535,1659.75,9,414.9375,273,1
14046.0,2011-02-28 14:48:00,2011-02-28 14:48:00,1,460,154.99,184,154.99,184,1
14047.0,2010-12-02 10:09:00,2011-05-24 11:35:00,3,210,635.92,99,211.97333333333333,272,0
14048.0,2011-02-07 14:53:00,2011-02-07 14:53:00,1,288,409.93,205,409.93,205,1
14049.0,2011-01-26 11:27:00,2011-07-04 11:47:00,3,2150,3244.74,58,1081.58,217,0
14050.0,2011-08-25 13:46:00,2011-08-25 13:46:00,1,447,485.98,6,485.98,6,0
14051.0,2010-12-08 12:49:00,2011-08-18 17:39:00,15,2196,8687.44,13,579.1626666666667,266,0
14053.0,2011-07-03 12:21:00,2011-08-07 14:27:00,2,215,260.25,24,130.125,59,1
14055.0,2011-08-25 15:04:00,2011-08-25 15:04:00,1,216,725.6400000000001,6,725.6400000000001,6,1
14056.0,2011-02-28 15:19:00,2011-08-24 16:02:00,17,2864,5333.97,7,313.7629411764706,184,0
14057.0,2010-12-14 12:11:00,2011-08-31 09:55:00,13,3945,4805.68,0,369.66769230769233,260,0
14059.0,2011-03-18 10:06:00,2011-03-18 10:06:00,1,128,183.6,166,183.6,166,1
14060.0,2010-12-02 12:11:00,2011-08-23 16:49:00,14,3770,4102.78,8,293.05571428571426,272,0
14062.0,2010-12-10 15:56:00,2011-08-19 11:56:00,9,3615,7801.79,12,866.8655555555556,264,0
14064.0,2011-03-10 12:59:00,2011-08-18 18:11:00,4,1512,1097.03,13,274.2575,174,0
14066.0,2011-03-18 12:21:00,2011-03-18 12:21:00,1,45,152.55,166,152.55,166,1
14068.0,2011-01-23 16:02:00,2011-01-23 16:02:00,1,73,265.85,220,265.85,220,1
14071.0,2011-03-20 11:33:00,2011-03-24 13:28:00,2,295,356.81,160,178.405,164,0
14075.0,2011-03-23 16:35:00,2011-03-23 16:35:00,1,270,307.92,161,307.92,161,0
14076.0,2011-08-02 15:19:00,2011-08-02 15:19:00,1,79,118.67,29,118.67,29,1
14077.0,2011-03-10 15:52:00,2011-06-10 14:31:00,3,148,310.4,82,103.46666666666665,174,0
14078.0,2010-12-01 12:54:00,2011-08-30 12:16:00,6,310,1049.37,1,174.89499999999998,273,1
14079.0,2011-08-07 12:10:00,2011-08-07 12:10:00,1,301,375.1,24,375.1,24,1
14081.0,2010-12-05 15:47:00,2011-02-10 16:17:00,2,592,921.62,202,460.81,269,1
14082.0,2010-12-10 11:02:00,2010-12-10 11:02:00,1,110,182.25,264,182.25,264,1
14083.0,2010-12-03 12:24:00,2011-08-05 14:31:00,7,374,533.39,26,76.19857142857143,271,0
14085.0,2010-12-06 12:39:00,2011-07-21 13:48:00,12,2190,3220.94,41,268.4116666666667,268,0
14088.0,2011-01-21 13:07:00,2011-08-03 11:21:00,7,7074,25507.89,28,3643.9842857142858,222,0
14090.0,2011-01-19 10:51:00,2011-01-19 10:51:00,1,72,76.32000000000001,224,76.32000000000001,224,1
14092.0,2010-12-16 15:47:00,2011-07-31 13:36:00,9,1262,2437.8,31,270.8666666666667,258,0
14096.0,2011-08-30 10:49:00,2011-08-30 10:49:00,1,7,21.84,1,21.84,1,0
14099.0,2010-12-20 11:14:00,2011-08-11 15:34:00,8,1726,2309.92,20,288.74,254,0
14100.0,2011-07-25 11:01:00,2011-07-25 11:01:00,1,63,191.95000000000002,37,191.95000000000002,37,1
14101.0,2011-01-17 13:09:00,2011-07-20 12:08:00,5,6406,4944.389999999999,42,988.8779999999999,226,0
14104.0,2011-06-27 12:49:00,2011-07-08 12:50:00,2,72,216.20999999999998,54,108.10499999999999,65,1
14105.0,2011-04-14 17:58:00,2011-04-14 17:58:00,1,800,1266.23,139,1266.23,139,1
14107.0,2010-12-10 13:29:00,2011-06-16 16:47:00,5,1280,1836.84,76,367.368,264,0
14108.0,2011-08-30 11:32:00,2011-08-30 11:32:00,1,209,291.33,1,291.33,1,0
14110.0,2011-03-18 09:59:00,2011-08-12 14:47:00,5,1534,3259.62,19,651.924,166,0
14111.0,2011-04-12 11:36:00,2011-08-25 14:51:00,2,184,247.2,6,123.6,141,0
14112.0,2011-03-09 11:28:00,2011-08-01 12:16:00,4,1148,1900.82,30,475.205,175,0
14113.0,2010-12-20 12:14:00,2010-12-20 12:14:00,1,102,433.5,254,433.5,254,0
14114.0,2011-01-13 11:05:00,2011-03-11 09:42:00,2,101,386.53,173,193.265,230,1
14116.0,2011-08-10 12:44:00,2011-08-10 12:44:00,1,162,319.97,21,319.97,21,0
14117.0,2011-07-19 09:49:00,2011-07-19 09:49:00,1,72,90.0,43,90.0,43,1
14127.0,2011-02-02 12:26:00,2011-08-09 10:49:00,3,321,709.71,22,236.57000000000002,210,1
14128.0,2011-03-29 10:49:00,2011-03-29 10:49:00,1,269,305.54,155,305.54,155,0
14129.0,2011-03-24 08:44:00,2011-03-24 08:44:00,1,164,358.90000000000003,160,358.90000000000003,160,0
14130.0,2011-01-24 16:05:00,2011-01-24 16:05:00,1,257,480.91,219,480.91,219,1
14132.0,2011-06-09 12:04:00,2011-08-18 11:59:00,5,1420,1552.46,13,310.492,83,0
14133.0,2011-01-28 11:27:00,2011-08-02 11:34:00,3,348,605.64,29,201.88,215,1
14135.0,2010-12-02 10:27:00,2011-08-26 14:44:00,10,3364,3190.32,5,319.03200000000004,272,0
14141.0,2011-08-26 14:40:00,2011-08-26 14:40:00,1,140,285.16,5,285.16,5,0
14142.0,2010-12-01 16:33:00,2010-12-01 16:33:00,1,313,311.81,273,311.81,273,1
14143.0,2011-07-29 09:48:00,2011-07-29 09:48:00,1,30,115.8,33,115.8,33,1
14145.0,2011-05-06 13:01:00,2011-07-06 11:52:00,3,576,2851.2,56,950.4,117,0
14146.0,2010-12-17 15:52:00,2011-03-30 11:04:00,2,811,1903.73,154,951.865,257,0
14147.0,2011-02-27 11:42:00,2011-02-27 11:42:00,1,40,182.8,185,182.8,185,0
14148.0,2011-04-20 12:02:00,2011-04-20 12:02:00,1,16,157.2,133,157.2,133,1
14149.0,2011-05-03 09:44:00,2011-05-03 09:44:00,1,218,446.62,120,446.62,120,1
14150.0,2010-12-15 10:04:00,2010-12-15 10:04:00,1,262,306.18,259,306.18,259,0
14152.0,2011-04-19 15:46:00,2011-04-19 15:46:00,1,369,314.51,134,314.51,134,0
14154.0,2011-04-14 15:58:00,2011-04-14 16:26:00,2,465,1345.62,139,672.81,139,1
14155.0,2011-03-18 14:13:00,2011-03-18 14:13:00,1,25,118.75,166,118.75,166,1
14156.0,2010-12-03 11:48:00,2011-08-17 13:45:00,35,40582,84977.35,14,2427.924285714286,271,0
14157.0,2011-02-27 13:04:00,2011-02-27 13:04:00,1,186,269.18,185,269.18,185,0
14159.0,2010-12-12 11:17:00,2011-07-18 11:47:00,6,1916,2160.34,44,360.0566666666667,262,0
14161.0,2010-12-05 13:18:00,2011-05-08 11:41:00,3,450,1097.6200000000001,115,365.8733333333334,269,1
14162.0,2011-02-20 12:32:00,2011-06-19 11:36:00,2,142,289.36,73,144.68,192,1
14163.0,2011-04-14 17:33:00,2011-07-10 14:49:00,3,589,1659.39,52,553.13,139,0
14165.0,2011-03-09 12:39:00,2011-03-09 12:39:00,1,53,120.44,175,120.44,175,1
14167.0,2011-01-12 15:44:00,2011-06-27 16:46:00,3,103,389.85,65,129.95000000000002,231,0
14173.0,2011-05-04 14:03:00,2011-05-04 14:03:00,1,40,114.04,119,114.04,119,0
14175.0,2011-01-14 12:22:00,2011-06-21 14:29:00,2,626,1205.99,71,602.995,229,0
14176.0,2010-12-07 11:45:00,2011-02-15 13:12:00,4,209,576.9000000000001,197,144.22500000000002,267,1
14177.0,2011-06-13 11:10:00,2011-06-13 11:10:00,1,38,108.13,79,108.13,79,0
14178.0,2011-06-10 12:51:00,2011-07-19 13:01:00,2,273,296.82,43,148.41,82,0
14180.0,2010-12-02 13:08:00,2011-08-25 12:46:00,21,619,4110.12,6,195.72,272,0
14185.0,2011-01-12 13:52:00,2011-01-12 13:52:00,1,6,197.65,231,197.65,231,1
14188.0,2011-02-02 13:46:00,2011-08-22 13:42:00,4,783,1383.46,9,345.865,210,0
14189.0,2010-12-06 11:42:00,2011-08-18 14:48:00,10,2450,2906.96,13,290.696,268,0
14191.0,2011-05-03 10:30:00,2011-08-23 14:25:00,7,1388,2258.26,8,322.60857142857145,120,0
14193.0,2011-03-15 11:38:00,2011-03-15 11:38:00,1,250,422.53999999999996,169,422.53999999999996,169,0
14194.0,2011-02-04 14:51:00,2011-08-25 14:42:00,12,3243,5666.45,6,472.20416666666665,208,0
14195.0,2011-04-01 16:50:00,2011-05-22 10:29:00,2,760,1012.0,101,506.0,152,1
14196.0,2011-08-25 10:25:00,2011-08-25 10:25:00,1,142,335.52,6,335.52,6,1
14198.0,2011-04-14 14:54:00,2011-07-17 15:47:00,2,167,356.95,45,178.475,139,0
14199.0,2011-05-05 13:44:00,2011-05-05 13:44:00,1,28,185.39999999999998,118,185.39999999999998,118,1
14201.0,2010-12-15 13:25:00,2011-07-13 15:18:00,5,360,521.24,49,104.248,259,0
14205.0,2011-03-20 15:07:00,2011-03-20 15:07:00,1,126,222.9,164,222.9,164,0
14206.0,2011-04-14 16:38:00,2011-04-14 16:38:00,1,276,328.15999999999997,139,328.15999999999997,139,1
14209.0,2011-01-11 12:56:00,2011-08-10 16:01:00,5,657,1876.33,21,375.26599999999996,232,0
14210.0,2010-12-03 12:43:00,2011-08-26 12:36:00,6,760,1905.8400000000001,5,317.64000000000004,271,1
14211.0,2011-02-17 15:50:00,2011-05-16 10:46:00,5,497,909.89,107,181.978,195,0
14214.0,2011-03-07 12:26:00,2011-07-06 15:02:00,3,671,899.16,56,299.71999999999997,177,0
14215.0,2010-12-06 15:34:00,2011-06-06 10:04:00,4,589,1098.27,86,274.5675,268,0
14217.0,2010-12-08 13:28:00,2011-07-07 10:39:00,9,336,1085.0,55,120.55555555555556,266,0
14220.0,2010-12-16 18:18:00,2011-04-06 13:23:00,2,272,632.4,147,316.2,258,1
14221.0,2011-01-04 15:33:00,2011-08-18 17:43:00,7,1546,2617.0099999999998,13,373.8585714285714,239,0
14222.0,2011-06-15 16:42:00,2011-06-15 16:42:00,1,607,683.17,77,683.17,77,1
14223.0,2011-03-20 16:02:00,2011-07-05 11:36:00,2,391,656.59,57,328.295,164,0
14224.0,2011-01-23 13:58:00,2011-08-21 13:24:00,4,483,1009.73,10,252.4325,220,1
14226.0,2011-03-15 15:36:00,2011-05-13 14:16:00,2,1075,1692.0,110,846.0,169,0
14227.0,2011-02-28 12:27:00,2011-05-27 14:50:00,7,1279,2399.52,96,342.7885714285714,184,0
14229.0,2011-01-10 12:03:00,2011-02-21 09:45:00,2,303,762.13,191,381.065,233,0
14231.0,2011-02-24 11:55:00,2011-06-09 11:05:00,3,409,925.71,83,308.57,188,1
14232.0,2011-03-20 12:44:00,2011-08-16 12:52:00,4,1503,1573.33,15,393.3325,164,0
14233.0,2011-01-26 12:43:00,2011-05-12 10:45:00,3,410,959.1,111,319.7,217,0
14235.0,2011-03-24 13:23:00,2011-07-05 10:58:00,4,1841,2802.86,57,700.715,160,0
14236.0,2010-12-02 18:49:00,2010-12-02 18:49:00,1,38,189.3,272,189.3,272,0
14237.0,2010-12-01 13:20:00,2010-12-01 13:20:00,1,38,161.0,273,161.0,273,1
14238.0,2011-01-17 14:40:00,2011-01-17 14:40:00,1,111,146.85,226,146.85,226,1
14239.0,2011-01-27 14:45:00,2011-08-01 10:09:00,7,654,1415.54,30,202.22,216,0
14240.0,2011-04-28 11:40:00,2011-04-28 11:40:00,1,79,226.85,125,226.85,125,0
14241.0,2011-06-09 11:46:00,2011-06-09 11:46:00,1,146,213.70000000000002,83,213.70000000000002,83,1
14242.0,2011-01-18 08:53:00,2011-04-19 11:46:00,2,123,280.55,134,140.275,225,1
14243.0,2010-12-09 08:34:00,2011-07-22 14:07:00,7,866,1990.78,40,284.39714285714285,265,0
14245.0,2011-03-21 10:41:00,2011-05-04 08:40:00,2,976,1693.45,119,846.725,163,1
14246.0,2011-04-08 08:25:00,2011-08-21 11:50:00,3,804,1474.06,10,491.3533333333333,145,1
14247.0,2011-03-06 15:21:00,2011-03-06 15:21:00,1,47,136.76999999999998,178,136.76999999999998,178,1
14248.0,2011-01-25 14:45:00,2011-01-25 14:45:00,1,102,302.58,218,302.58,218,1
14256.0,2010-12-10 11:44:00,2011-03-24 13:17:00,2,414,969.0600000000001,160,484.53000000000003,264,1
14257.0,2011-01-25 10:49:00,2011-08-08 15:35:00,4,1338,2725.84,23,681.46,218,0
14258.0,2011-01-06 12:18:00,2011-07-11 10:12:00,7,5420,9386.32,51,1340.902857142857,237,0
14259.0,2011-07-21 10:44:00,2011-07-21 10:44:00,1,68,120.0,41,120.0,41,1
14262.0,2011-04-13 12:23:00,2011-08-24 15:04:00,3,593,855.0,7,285.0,140,0
14264.0,2011-04-08 12:20:00,2011-07-08 10:20:00,2,70,333.97,54,166.985,145,1
14265.0,2011-07-14 09:10:00,2011-08-22 13:32:00,2,330,530.18,9,265.09,48,1
14267.0,2011-03-24 11:38:00,2011-06-30 10:09:00,3,530,1516.24,62,505.41333333333336,160,1
14270.0,2011-01-12 09:33:00,2011-01-12 09:33:00,1,197,492.65000000000003,231,492.65000000000003,231,1
14271.0,2011-04-28 12:47:00,2011-04-28 12:47:00,1,88,112.32,125,112.32,125,1
14272.0,2011-03-30 13:57:00,2011-03-30 13:57:00,1,87,132.09,154,132.09,154,0
14273.0,2011-04-11 13:24:00,2011-07-26 14:56:00,3,196,450.05,36,150.01666666666668,142,0
14276.0,2011-02-23 09:38:00,2011-06-12 09:56:00,2,512,720.4,80,360.2,189,0
14277.0,2011-05-11 13:20:00,2011-05-11 13:20:00,1,855,1629.03,112,1629.03,112,0
14280.0,2011-05-27 10:37:00,2011-05-27 10:37:00,1,52,134.04,96,134.04,96,1
14282.0,2010-12-07 12:21:00,2011-08-22 11:03:00,9,1788,2467.54,9,274.1711111111111,267,0
14285.0,2011-06-16 12:36:00,2011-06-16 12:36:00,1,2,5.9,76,5.9,76,0
14286.0,2011-04-11 08:16:00,2011-04-11 08:16:00,1,1998,2050.08,142,2050.08,142,0
14287.0,2011-05-25 11:41:00,2011-05-25 11:44:00,2,216,83.28,98,41.64,98,0
14288.0,2011-05-10 13:22:00,2011-05-10 13:22:00,1,188,426.6,113,426.6,113,1
14289.0,2011-02-23 12:33:00,2011-07-28 10:24:00,5,278,832.78,34,166.55599999999998,189,0
14290.0,2010-12-13 10:24:00,2010-12-13 10:24:00,1,220,777.5600000000001,261,777.5600000000001,261,0
14291.0,2011-03-09 15:20:00,2011-08-11 10:55:00,7,1478,2355.54,20,336.5057142857143,175,0
14292.0,2011-03-02 08:26:00,2011-07-17 12:18:00,4,825,2590.21,45,647.5525,182,0
14293.0,2010-12-06 10:18:00,2011-07-15 15:28:00,3,427,739.41,47,246.47,268,0
14297.0,2011-03-10 08:31:00,2011-03-10 08:31:00,1,78,232.6,174,232.6,174,0
14298.0,2010-12-14 12:59:00,2011-08-08 14:37:00,36,42823,35591.84,23,988.6622222222221,260,0
14299.0,2010-12-09 10:30:00,2011-08-24 11:54:00,5,922,2437.14,7,487.428,265,0
14301.0,2011-08-14 15:33:00,2011-08-14 15:33:00,1,606,640.14,17,640.14,17,1
14304.0,2011-05-01 11:50:00,2011-05-01 11:50:00,1,139,383.45,122,383.45,122,1
14305.0,2011-07-27 14:14:00,2011-08-18 06:20:00,2,582,1048.45,13,524.225,35,0
14307.0,2010-12-01 11:41:00,2011-07-28 09:45:00,4,1711,2307.89,34,576.9725,273,0
14309.0,2010-12-16 13:05:00,2011-06-24 12:51:00,6,964,1310.02,68,218.33666666666667,258,0
14311.0,2011-04-11 10:14:00,2011-04-11 10:14:00,1,146,310.26,142,310.26,142,1
14312.0,2011-01-06 16:35:00,2011-06-06 09:01:00,4,385,854.59,86,213.6475,237,0
14314.0,2011-08-25 10:39:00,2011-08-25 10:39:00,1,296,120.0,6,120.0,6,1
14315.0,2011-03-18 12:59:00,2011-08-02 13:31:00,5,689,1550.15,29,310.03000000000003,166,0
14320.0,2011-01-11 09:12:00,2011-05-17 09:24:00,2,325,477.79,106,238.895,232,1
14321.0,2011-01-10 11:35:00,2011-08-15 09:57:00,3,1516,900.65,16,300.21666666666664,233,0
14323.0,2011-04-15 11:44:00,2011-08-17 11:37:00,2,350,605.0600000000001,14,302.53000000000003,138,1
14326.0,2011-04-11 15:04:00,2011-04-11 15:04:00,1,103,183.85,142,183.85,142,1
14327.0,2011-06-29 13:58:00,2011-06-29 13:58:00,1,139,311.65,63,311.65,63,1
14329.0,2011-01-14 13:42:00,2011-08-23 12:18:00,4,2184,3485.03,8,871.2575,229,0
14331.0,2011-07-27 15:14:00,2011-08-07 13:17:00,2,252,462.65999999999997,24,231.32999999999998,35,1
14332.0,2011-07-15 10:33:00,2011-07-15 10:33:00,1,48,119.04,47,119.04,47,0
14334.0,2010-12-16 17:37:00,2011-08-09 13:10:00,6,1427,2013.51,22,335.585,258,0
14336.0,2011-03-08 16:48:00,2011-05-25 14:44:00,3,989,1114.39,98,371.46333333333337,176,0
14338.0,2011-05-27 13:30:00,2011-07-01 14:08:00,2,335,588.22,61,294.11,96,1
14339.0,2011-04-11 11:06:00,2011-04-11 11:06:00,1,168,309.52,142,309.52,142,1
14340.0,2011-05-05 09:44:00,2011-05-05 09:44:00,1,58,134.7,118,134.7,118,1
14341.0,2011-01-25 13:55:00,2011-08-01 14:05:00,6,709,1139.52,30,189.92,218,0
14342.0,2011-05-13 13:50:00,2011-07-25 14:35:00,2,176,419.74,37,209.87,110,0
14344.0,2010-12-06 11:58:00,2011-08-04 13:51:00,8,477,889.9300000000001,27,111.24125000000001,268,1
14346.0,2011-02-15 13:52:00,2011-08-11 09:47:00,2,605,1021.58,20,510.79,197,1
14348.0,2011-03-24 16:23:00,2011-03-24 16:23:00,1,183,409.57,160,409.57,160,1
14350.0,2011-03-10 14:14:00,2011-03-10 14:14:00,1,183,282.93,174,282.93,174,1
14351.0,2011-06-28 11:56:00,2011-06-28 11:56:00,1,12,51.0,64,51.0,64,1
14352.0,2011-03-11 14:58:00,2011-07-05 15:41:00,4,538,1078.96,57,269.74,173,1
14353.0,2011-05-08 16:06:00,2011-05-08 16:06:00,1,64,90.6,115,90.6,115,1
14355.0,2010-12-09 12:16:00,2010-12-09 12:16:00,1,92,174.4,265,174.4,265,1
14364.0,2011-05-12 12:56:00,2011-08-23 11:01:00,8,1967,3717.35,8,464.66875,111,1
14367.0,2011-03-08 14:12:00,2011-07-25 09:26:00,10,2562,5419.7,37,541.97,176,0
14368.0,2011-01-24 09:52:00,2011-01-24 09:52:00,1,36,155.0,219,155.0,219,1
14371.0,2011-02-17 16:35:00,2011-02-17 16:35:00,1,34,100.5,195,100.5,195,1
14373.0,2010-12-16 15:40:00,2010-12-16 15:40:00,1,17,76.55,258,76.55,258,1
14375.0,2011-06-07 13:44:00,2011-06-07 13:44:00,1,184,235.56,85,235.56,85,1
14377.0,2011-03-22 13:38:00,2011-06-01 13:32:00,2,219,617.05,91,308.525,162,1
14379.0,2011-02-17 15:03:00,2011-02-17 15:03:00,1,128,110.98,195,110.98,195,0
14383.0,2011-06-29 10:18:00,2011-06-29 10:18:00,1,201,242.09,63,242.09,63,0
14386.0,2011-02-16 09:45:00,2011-02-16 09:45:00,1,54,142.4,196,142.4,196,1
14387.0,2011-08-22 14:13:00,2011-08-22 14:13:00,1,209,440.76,9,440.76,9,0
14388.0,2010-12-02 11:02:00,2011-08-10 11:58:00,5,1179,1835.1100000000001,21,367.02200000000005,272,0
14389.0,2011-06-02 12:04:00,2011-06-02 12:04:00,1,189,311.14,90,311.14,90,0
14390.0,2010-12-02 11:57:00,2011-07-18 13:35:00,4,739,1590.71,44,397.6775,272,0
14393.0,2011-05-05 18:16:00,2011-05-05 18:16:00,1,13,67.95,118,67.95,118,1
14395.0,2010-12-02 18:15:00,2011-06-15 12:21:00,6,970,1952.3200000000002,77,325.3866666666667,272,0
14396.0,2010-12-03 15:19:00,2010-12-03 15:19:00,1,39,110.35000000000001,271,110.35000000000001,271,0
14397.0,2011-05-10 12:25:00,2011-08-22 11:17:00,9,652,856.0,9,95.11111111111111,113,0
14400.0,2011-07-13 15:50:00,2011-07-13 15:50:00,1,454,574.7,49,574.7,49,1
14401.0,2010-12-15 09:07:00,2011-08-24 14:57:00,9,3273,2766.2999999999997,7,307.3666666666666,259,0
14403.0,2011-04-06 14:23:00,2011-08-01 12:57:00,4,519,1475.81,30,368.9525,147,1
14404.0,2010-12-05 16:00:00,2011-08-23 11:16:00,5,769,1322.52,8,264.504,269,0
14406.0,2011-08-12 16:54:00,2011-08-12 16:54:00,1,77,156.75,19,156.75,19,1
14407.0,2011-03-08 11:59:00,2011-08-24 14:02:00,6,1415,2157.73,7,359.62166666666667,176,1
14408.0,2011-03-20 14:41:00,2011-08-01 11:23:00,5,1290,1989.01,30,397.802,164,0
14409.0,2010-12-06 15:03:00,2011-08-09 10:52:00,5,1160,1943.73,22,388.746,268,0
14410.0,2011-02-07 09:36:00,2011-07-21 15:16:00,7,484,975.1800000000001,41,139.3114285714286,205,0
14411.0,2011-02-02 10:56:00,2011-02-02 10:56:00,1,196,1063.0,210,1063.0,210,1
14413.0,2010-12-12 13:37:00,2010-12-12 13:37:00,1,67,121.05,262,121.05,262,1
14414.0,2010-12-16 11:11:00,2011-08-22 12:55:00,5,1786,1137.08,9,227.416,258,0
14415.0,2010-12-14 13:31:00,2011-08-08 12:36:00,8,1596,3305.88,23,413.235,260,0
14418.0,2011-08-23 17:18:00,2011-08-23 17:18:00,1,148,150.44,8,150.44,8,0
14419.0,2010-12-10 10:56:00,2011-04-01 11:47:00,2,161,307.14,152,153.57,264,0
14421.0,2011-05-12 10:49:00,2011-05-12 10:49:00,1,194,455.18,111,455.18,111,0
14422.0,2011-03-17 17:26:00,2011-06-22 15:07:00,2,541,1032.15,70,516.075,167,0
14423.0,2011-05-05 15:12:00,2011-05-05 15:12:00,1,120,265.2,118,265.2,118,1
14426.0,2011-01-31 09:51:00,2011-07-22 11:56:00,6,1603,2885.58,40,480.93,212,0
14428.0,2011-01-18 16:39:00,2011-04-14 09:43:00,2,145,330.62,139,165.31,225,0
14431.0,2011-02-10 10:40:00,2011-02-10 10:40:00,1,130,470.36,202,470.36,202,1
14437.0,2010-12-09 09:27:00,2010-12-09 09:27:00,1,60,63.0,265,63.0,265,1
14438.0,2011-02-06 14:56:00,2011-02-06 14:56:00,1,82,131.9,206,131.9,206,1
14439.0,2011-01-24 11:39:00,2011-01-24 11:39:00,1,526,2661.24,219,2661.24,219,1
14440.0,2010-12-09 12:49:00,2011-01-27 10:30:00,2,341,1185.71,216,592.855,265,0
14441.0,2011-03-29 12:01:00,2011-03-29 12:01:00,1,108,356.84000000000003,155,356.84000000000003,155,0
14442.0,2011-01-27 09:33:00,2011-05-19 11:36:00,2,482,1589.82,104,794.91,216,1
14443.0,2010-12-06 11:03:00,2011-07-24 11:40:00,3,666,991.52,38,330.50666666666666,268,0
14446.0,2011-04-07 12:10:00,2011-04-07 12:10:00,1,318,303.04,146,303.04,146,0
14447.0,2011-03-04 10:49:00,2011-05-27 14:29:00,2,313,601.03,96,300.515,180,0
14448.0,2010-12-10 17:26:00,2010-12-10 17:26:00,1,44,102.35000000000001,264,102.35000000000001,264,0
14449.0,2010-12-02 14:09:00,2011-04-07 12:16:00,2,333,399.91,146,199.955,272,0
14450.0,2011-01-23 11:53:00,2011-06-12 10:46:00,3,241,483.25,80,161.08333333333334,220,1
14451.0,2011-05-29 12:35:00,2011-05-29 12:35:00,1,204,360.0,94,360.0,94,0
14453.0,2011-06-02 14:15:00,2011-06-02 14:15:00,1,49,119.93,90,119.93,90,1
14456.0,2011-07-20 13:06:00,2011-07-31 15:00:00,3,576,636.65,31,212.21666666666667,42,0
14457.0,2011-02-02 09:39:00,2011-02-02 09:39:00,1,88,113.64,210,113.64,210,1
14459.0,2011-07-07 13:35:00,2011-07-07 13:35:00,1,760,1837.92,55,1837.92,55,1
14460.0,2011-02-02 11:55:00,2011-08-21 14:19:00,3,881,434.34,10,144.78,210,1
14461.0,2011-03-23 12:15:00,2011-07-14 17:11:00,3,766,2103.06,48,701.02,161,1
14462.0,2011-01-04 12:45:00,2011-08-11 09:57:00,9,678,1510.65,20,167.85000000000002,239,0
14463.0,2011-05-18 14:42:00,2011-06-22 10:31:00,2,127,309.42,70,154.71,105,0
14465.0,2011-02-10 12:13:00,2011-04-07 12:38:00,3,398,1038.44,146,346.1466666666667,202,1
14466.0,2010-12-02 13:36:00,2011-08-16 08:39:00,5,597,1580.45,15,316.09000000000003,272,0
14467.0,2011-01-31 12:35:00,2011-01-31 12:35:00,1,37,131.7,212,131.7,212,0
14470.0,2011-02-25 11:56:00,2011-02-25 11:56:00,1,138,297.64,187,297.64,187,0
14472.0,2010-12-19 14:03:00,2011-08-28 11:01:00,8,1135,1852.67,3,231.58375,255,1
14473.0,2011-03-02 13:56:00,2011-03-02 13:56:00,1,10,85.0,182,85.0,182,0
14475.0,2011-02-08 10:12:00,2011-06-06 13:06:00,2,243,622.17,86,311.085,204,0
14476.0,2011-03-27 15:39:00,2011-03-27 15:39:00,1,110,193.0,157,193.0,157,1
14477.0,2011-02-15 15:44:00,2011-06-08 13:33:00,2,300,523.0,84,261.5,197,0
14479.0,2010-12-09 12:59:00,2011-03-31 09:07:00,2,117,316.25,153,158.125,265,1
14481.0,2011-02-25 13:53:00,2011-06-28 10:38:00,2,489,636.51,64,318.255,187,1
14482.0,2011-04-14 16:41:00,2011-04-14 16:41:00,1,111,238.1,139,238.1,139,0
14483.0,2011-03-03 10:26:00,2011-03-03 10:26:00,1,97,137.1,181,137.1,181,1
14487.0,2010-12-06 13:22:00,2010-12-06 13:22:00,1,37,125.10000000000001,268,125.10000000000001,268,0
14489.0,2011-05-16 14:51:00,2011-05-16 14:51:00,1,299,463.38,107,463.38,107,1
14491.0,2010-12-02 12:10:00,2011-06-17 15:22:00,2,139,340.93,75,170.465,272,1
14493.0,2011-07-07 16:59:00,2011-07-07 16:59:00,1,327,611.22,55,611.22,55,0
14495.0,2011-08-10 14:13:00,2011-08-10 14:13:00,1,22,40.599999999999994,21,40.599999999999994,21,0
14496.0,2010-12-01 15:35:00,2011-02-01 09:01:00,2,159,538.8100000000001,211,269.40500000000003,273,1
14497.0,2011-02-03 17:01:00,2011-02-03 17:01:00,1,235,475.37,209,475.37,209,1
14498.0,2010-12-13 11:29:00,2011-08-15 14:10:00,4,689,1281.79,16,320.4475,261,0
14499.0,2011-03-06 11:55:00,2011-07-29 11:49:00,2,188,367.81,33,183.905,178,0
14500.0,2011-06-03 10:08:00,2011-08-19 17:02:00,2,107,335.85,12,167.925,89,0
14501.0,2011-01-24 10:43:00,2011-06-09 12:02:00,2,161,251.21,83,125.605,219,1
14502.0,2011-01-30 15:52:00,2011-07-13 13:14:00,7,532,1163.22,49,166.17428571428573,213,0
14503.0,2011-06-14 10:00:00,2011-06-14 10:00:00,1,381,597.07,78,597.07,78,0
14504.0,2011-03-06 14:38:00,2011-04-10 16:01:00,3,263,542.71,143,180.90333333333334,178,0
14505.0,2010-12-12 16:14:00,2011-08-22 14:38:00,6,1922,4222.74,9,703.79,262,0
14506.0,2010-12-05 14:25:00,2011-06-30 19:27:00,3,251,818.96,62,272.9866666666667,269,0
14507.0,2011-03-08 17:23:00,2011-08-30 15:16:00,4,478,924.6899999999999,1,231.17249999999999,176,0
14511.0,2011-07-29 12:13:00,2011-07-29 12:13:00,1,72,138.16,33,138.16,33,0
14512.0,2011-04-21 19:05:00,2011-06-05 12:39:00,2,122,275.28,87,137.64,132,1
14513.0,2011-02-24 09:36:00,2011-08-31 11:25:00,3,361,455.59000000000003,0,151.86333333333334,188,1
14514.0,2011-01-12 15:22:00,2011-05-22 15:12:00,2,173,403.11,101,201.555,231,0
14515.0,2011-05-05 12:13:00,2011-06-01 12:54:00,2,371,765.65,91,382.825,118,0
14517.0,2011-07-21 11:42:00,2011-07-21 11:42:00,1,73,252.45,41,252.45,41,0
14520.0,2011-02-22 09:15:00,2011-02-22 09:15:00,1,100,165.0,190,165.0,190,0
14522.0,2011-05-25 16:01:00,2011-05-25 16:01:00,1,168,278.63,98,278.63,98,0
14523.0,2011-08-23 13:13:00,2011-08-23 13:13:00,1,251,241.09,8,241.09,8,1
14524.0,2010-12-14 11:01:00,2011-06-14 12:46:00,5,416,1028.87,78,205.77399999999997,260,0
14525.0,2010-12-13 17:40:00,2011-08-31 14:28:00,7,1720,2820.29,0,402.8985714285714,261,0
14527.0,2010-12-05 13:17:00,2011-08-24 12:11:00,39,1274,5136.4,7,131.70256410256408,269,0
14529.0,2011-08-21 14:10:00,2011-08-21 14:10:00,1,84,135.24,10,135.24,10,0
14530.0,2011-02-16 10:47:00,2011-08-03 12:12:00,4,832,1957.47,28,489.3675,196,0
14532.0,2010-12-22 13:48:00,2011-04-17 13:05:00,4,284,932.85,136,233.2125,252,1
14533.0,2010-12-22 11:07:00,2011-08-19 12:06:00,2,912,734.98,12,367.49,252,0
14534.0,2011-01-25 12:33:00,2011-08-12 11:22:00,13,1448,2899.75,19,223.05769230769232,218,0
14535.0,2011-04-05 12:50:00,2011-08-04 15:04:00,2,966,1652.81,27,826.405,148,0
14536.0,2011-03-25 12:21:00,2011-03-25 12:21:00,1,39,170.95,159,170.95,159,1
14538.0,2011-03-28 14:57:00,2011-03-28 14:57:00,1,30,106.5,156,106.5,156,0
14540.0,2011-02-03 15:02:00,2011-02-03 15:02:00,1,122,195.9,209,195.9,209,0
14541.0,2011-01-24 14:16:00,2011-06-24 10:31:00,7,597,1307.3500000000001,68,186.76428571428573,219,0
14542.0,2011-06-07 08:19:00,2011-06-07 08:19:00,1,19,103.25,85,103.25,85,1
14543.0,2010-12-10 11:51:00,2011-08-23 12:26:00,13,595,3234.5,8,248.80769230769232,264,0
14544.0,2010-12-13 12:50:00,2010-12-13 12:50:00,1,836,1101.77,261,1101.77,261,0
14546.0,2011-04-05 12:37:00,2011-05-22 11:41:00,2,501,874.88,101,437.44,148,0
14548.0,2011-01-26 08:38:00,2011-07-12 12:19:00,2,256,652.8,50,326.4,217,1
14549.0,2011-02-01 13:47:00,2011-02-01 13:47:00,1,136,289.24,211,289.24,211,1
14551.0,2011-05-19 18:21:00,2011-05-19 18:21:00,1,66,125.43,104,125.43,104,0
14552.0,2011-07-11 12:49:00,2011-07-11 12:49:00,1,90,164.22,51,164.22,51,1
14553.0,2011-01-04 15:40:00,2011-05-05 11:08:00,2,182,312.32,118,156.16,239,0
14555.0,2011-02-10 17:19:00,2011-02-10 17:19:00,1,90,186.34,202,186.34,202,0
14560.0,2010-12-17 09:22:00,2011-08-22 12:46:00,13,265,1414.0,9,108.76923076923077,257,0
14561.0,2011-06-08 13:26:00,2011-06-30 13:43:00,2,375,566.99,62,283.495,84,0
14562.0,2011-02-08 14:45:00,2011-08-04 20:01:00,6,899,1954.8500000000001,27,325.80833333333334,204,0
14565.0,2010-12-13 13:25:00,2011-08-18 15:51:00,3,1371,2560.32,13,853.44,261,0
14566.0,2011-08-21 11:05:00,2011-08-21 11:05:00,1,800,1432.0,10,1432.0,10,1
14567.0,2011-08-01 13:48:00,2011-08-01 13:48:00,1,172,800.76,30,800.76,30,0
14570.0,2011-03-04 10:39:00,2011-03-04 10:58:00,2,95,218.06,180,109.03,180,1
14572.0,2011-01-19 17:23:00,2011-08-21 13:46:00,5,1183,2063.2400000000002,10,412.648,224,0
14573.0,2010-12-02 19:59:00,2011-06-13 11:15:00,9,534,1639.82,79,182.20222222222222,272,1
14576.0,2010-12-02 17:51:00,2010-12-02 17:51:00,1,12,35.400000000000006,272,35.400000000000006,272,1
14577.0,2010-12-12 11:26:00,2011-06-29 11:46:00,3,280,646.64,63,215.54666666666665,262,0
14583.0,2011-05-18 11:28:00,2011-07-18 12:53:00,4,552,741.72,44,185.43,105,0
14584.0,2011-05-25 17:31:00,2011-06-23 18:33:00,4,381,1033.06,69,258.265,98,1
14586.0,2011-03-08 10:04:00,2011-03-08 10:04:00,1,444,237.36,176,237.36,176,1
14587.0,2011-01-12 13:16:00,2011-06-08 14:09:00,8,716,1452.68,84,181.585,231,0
14589.0,2010-12-03 11:42:00,2010-12-03 11:42:00,1,5,39.75,271,39.75,271,1
14591.0,2011-05-10 14:09:00,2011-05-10 14:09:00,1,91,204.02,113,204.02,113,0
14593.0,2011-05-25 11:14:00,2011-05-25 11:21:00,2,118,339.59,98,169.795,98,0
14594.0,2010-12-01 13:54:00,2010-12-01 13:54:00,1,146,255.0,273,255.0,273,0
14595.0,2011-01-30 13:36:00,2011-01-30 13:36:00,1,76,163.8,213,163.8,213,0
14597.0,2011-06-01 12:33:00,2011-06-01 12:33:00,1,118,165.1,91,165.1,91,0
14600.0,2011-02-07 09:48:00,2011-02-07 09:48:00,1,125,393.33000000000004,205,393.33000000000004,205,1
14603.0,2011-03-10 10:27:00,2011-03-10 10:27:00,1,400,660.0,174,660.0,174,1
14606.0,2010-12-01 16:57:00,2011-08-28 15:17:00,69,4733,9280.05,3,134.49347826086955,273,0
14607.0,2011-03-23 15:22:00,2011-03-23 15:22:00,1,300,495.0,161,495.0,161,0
14608.0,2010-12-12 14:49:00,2010-12-12 14:49:00,1,48,204.0,262,204.0,262,0
14609.0,2011-02-16 12:10:00,2011-07-19 17:04:00,3,6306,486.36,43,162.12,196,0
14616.0,2011-01-26 12:42:00,2011-04-11 09:54:00,3,104,406.08000000000004,142,135.36,217,1
14618.0,2011-01-06 11:59:00,2011-01-06 11:59:00,1,92,211.8,237,211.8,237,0
14619.0,2011-04-08 07:37:00,2011-04-08 07:37:00,1,152,394.44,145,394.44,145,1
14620.0,2011-03-01 08:30:00,2011-05-18 11:58:00,2,214,412.78000000000003,105,206.39000000000001,183,1
14621.0,2010-12-16 13:00:00,2011-07-06 12:31:00,3,410,1002.91,56,334.30333333333334,258,0
14622.0,2011-06-08 12:42:00,2011-06-08 12:42:00,1,146,320.58000000000004,84,320.58000000000004,84,1
14623.0,2011-04-18 13:54:00,2011-08-15 13:51:00,3,265,606.16,16,202.0533333333333,135,0
14625.0,2010-12-13 15:36:00,2011-05-27 15:32:00,2,335,899.63,96,449.815,261,1
14626.0,2011-04-20 13:18:00,2011-08-09 10:20:00,2,879,1571.29,22,785.645,133,0
14628.0,2011-04-11 14:43:00,2011-04-11 14:43:00,1,106,331.58000000000004,142,331.58000000000004,142,0
14631.0,2011-02-14 09:31:00,2011-04-18 16:49:00,2,352,630.08,135,315.04,198,0
14632.0,2011-03-22 08:49:00,2011-03-22 08:49:00,1,96,114.56,162,114.56,162,1
14633.0,2011-03-18 17:07:00,2011-03-18 17:07:00,1,96,344.90000000000003,166,344.90000000000003,166,1
14636.0,2011-03-16 09:52:00,2011-03-16 09:52:00,1,117,300.19,168,300.19,168,0
14639.0,2010-12-13 13:50:00,2011-08-11 13:41:00,4,789,1989.23,20,497.3075,261,0
14640.0,2011-04-26 12:31:00,2011-08-04 11:38:00,4,572,1483.3600000000001,27,370.84000000000003,127,0
14643.0,2010-12-16 17:53:00,2011-06-22 14:41:00,2,815,693.8100000000001,70,346.90500000000003,258,1
14644.0,2011-02-14 14:14:00,2011-02-14 14:14:00,1,66,187.50000000000003,198,187.50000000000003,198,0
14645.0,2011-03-09 09:52:00,2011-07-06 09:15:00,2,381,597.09,56,298.545,175,1
14646.0,2010-12-20 10:09:00,2011-08-26 14:20:00,40,126731,176355.94,5,4408.8985,254,0
14647.0,2011-05-22 13:40:00,2011-05-22 13:40:00,1,91,236.04000000000002,101,236.04000000000002,101,1
14649.0,2011-05-11 14:37:00,2011-05-11 14:42:00,2,349,582.12,112,291.06,112,0
14651.0,2011-05-12 16:29:00,2011-05-12 16:29:00,1,185,415.47,111,415.47,111,0
14653.0,2011-01-05 13:40:00,2011-01-05 13:41:00,1,305,344.81,238,344.81,238,0
14655.0,2011-05-01 14:59:00,2011-05-01 14:59:00,1,522,810.56,122,810.56,122,0
14656.0,2011-03-01 13:19:00,2011-06-23 13:51:00,2,120,291.05,69,145.525,183,1
14657.0,2011-01-17 15:19:00,2011-07-07 19:54:00,3,339,638.94,55,212.98000000000002,226,0
14658.0,2011-08-14 15:42:00,2011-08-14 15:42:00,1,23,123.14,17,123.14,17,0
14659.0,2011-01-28 12:43:00,2011-07-17 12:31:00,6,767,1641.55,45,273.59166666666664,215,0
14660.0,2011-08-31 10:40:00,2011-08-31 10:40:00,1,104,128.95,0,128.95,0,0
14662.0,2011-01-27 17:41:00,2011-04-19 12:26:00,3,322,512.28,134,170.76,216,0
14665.0,2011-02-02 09:08:00,2011-02-16 10:34:00,3,268,731.66,196,243.88666666666666,210,0
14667.0,2010-12-06 13:13:00,2011-08-18 13:46:00,17,3103,5428.66,13,319.33294117647057,268,0
14669.0,2011-01-11 12:30:00,2011-04-12 11:43:00,3,770,1259.24,141,419.74666666666667,232,1
14670.0,2011-03-04 13:58:00,2011-03-04 14:13:00,2,326,392.86,180,196.43,180,1
14672.0,2011-01-07 15:48:00,2011-04-19 10:19:00,2,454,765.55,134,382.775,236,1
14673.0,2010-12-07 12:49:00,2010-12-07 12:49:00,1,213,373.49,267,373.49,267,0
14676.0,2011-03-01 14:26:00,2011-07-15 11:50:00,4,1824,1690.92,47,422.73,183,0
14680.0,2010-12-03 12:05:00,2011-08-10 10:08:00,13,11548,24196.4,21,1861.2615384615385,271,0
14681.0,2011-05-12 10:45:00,2011-05-12 10:45:00,1,48,393.95,111,393.95,111,0
14682.0,2011-05-22 12:51:00,2011-06-05 12:12:00,2,80,52.0,87,26.0,101,1
14684.0,2010-12-12 12:44:00,2011-05-08 12:58:00,2,270,493.44,115,246.72,262,0
14687.0,2011-08-25 11:59:00,2011-08-25 11:59:00,1,470,628.38,6,628.38,6,1
14688.0,2010-12-01 09:37:00,2011-08-02 13:46:00,15,2748,3831.37,29,255.42466666666667,273,0
14689.0,2011-05-15 11:22:00,2011-05-15 11:22:00,1,76,112.8,108,112.8,108,1
14690.0,2011-07-11 11:58:00,2011-07-11 11:58:00,1,84,212.56,51,212.56,51,0
14691.0,2011-05-11 09:55:00,2011-05-11 09:55:00,1,162,439.6,112,439.6,112,0
14692.0,2011-01-21 13:47:00,2011-07-25 15:08:00,4,265,591.55,37,147.8875,222,1
14693.0,2011-03-20 12:50:00,2011-03-20 12:50:00,1,34,172.9,164,172.9,164,1
14696.0,2010-12-01 15:37:00,2011-08-12 12:37:00,5,1086,1458.54,19,291.70799999999997,273,0
14697.0,2011-05-05 15:29:00,2011-05-05 15:39:00,2,181,188.60999999999999,118,94.30499999999999,118,1
14699.0,2011-05-09 14:54:00,2011-05-09 14:54:00,1,77,109.13000000000001,114,109.13000000000001,114,1
14700.0,2011-04-15 13:16:00,2011-06-03 11:59:00,2,848,1541.1,89,770.55,138,0
14701.0,2011-01-27 12:40:00,2011-06-20 11:36:00,7,666,1941.43,72,277.34714285714284,216,0
14702.0,2010-12-09 19:23:00,2011-08-15 11:30:00,9,636,1651.25,16,183.47222222222223,265,0
14704.0,2011-06-12 13:59:00,2011-07-20 12:01:00,2,101,207.5,42,103.75,80,0
14705.0,2011-05-25 12:39:00,2011-05-25 12:39:00,1,100,179.0,98,179.0,98,1
14708.0,2010-12-06 12:23:00,2011-07-08 16:08:00,2,410,701.1800000000001,54,350.59000000000003,268,0
14709.0,2010-12-16 13:43:00,2011-08-19 15:29:00,8,1662,3364.44,12,420.555,258,0
14711.0,2011-03-22 13:32:00,2011-08-22 15:42:00,8,705,2056.73,9,257.09125,162,0
14712.0,2011-08-19 13:33:00,2011-08-19 13:33:00,1,102,115.72,12,115.72,12,0
14713.0,2010-12-09 18:58:00,2011-08-04 18:44:00,8,1125,1821.8799999999999,27,227.73499999999999,265,0
14715.0,2011-01-12 13:27:00,2011-02-14 13:19:00,2,128,247.45,198,123.725,231,0
14716.0,2011-07-14 12:42:00,2011-07-14 12:42:00,1,319,181.72,48,181.72,48,0
14719.0,2011-04-04 14:17:00,2011-06-13 12:52:00,2,398,488.12,79,244.06,149,0
14720.0,2011-08-05 12:06:00,2011-08-05 12:06:00,1,40,155.8,26,155.8,26,0
14722.0,2011-07-15 14:58:00,2011-07-15 14:58:00,1,118,180.42000000000002,47,180.42000000000002,47,1
14723.0,2010-12-03 14:18:00,2010-12-16 19:19:00,3,199,455.65,258,151.88333333333333,271,0
14727.0,2011-03-10 14:45:00,2011-03-10 14:45:00,1,62,268.58,174,268.58,174,1
14729.0,2010-12-01 12:43:00,2010-12-01 12:43:00,1,197,313.49,273,313.49,273,1
14730.0,2011-03-08 12:49:00,2011-08-24 13:07:00,5,509,872.13,7,174.426,176,0
14731.0,2011-05-11 13:06:00,2011-05-18 11:02:00,2,182,251.01999999999998,105,125.50999999999999,112,0
14732.0,2011-01-04 14:40:00,2011-07-19 09:31:00,5,960,1618.3,43,323.65999999999997,239,0
14733.0,2010-12-07 11:30:00,2011-08-21 11:57:00,11,3645,9044.2,10,822.2,267,0
14735.0,2010-12-16 16:05:00,2011-08-21 13:48:00,22,1321,3496.31,10,158.9231818181818,258,0
14737.0,2010-12-21 13:49:00,2011-08-03 10:04:00,2,303,1081.75,28,540.875,253,0
14738.0,2011-01-27 14:10:00,2011-07-29 10:34:00,5,351,757.6500000000001,33,151.53000000000003,216,0
14739.0,2010-12-07 14:58:00,2011-05-04 11:58:00,3,1074,1307.6200000000001,119,435.8733333333334,267,0
14740.0,2011-03-01 08:35:00,2011-05-26 18:17:00,3,735,1448.21,97,482.7366666666667,183,1
14741.0,2010-12-02 08:43:00,2011-08-18 13:16:00,4,558,864.96,13,216.24,272,0
14744.0,2010-12-08 10:21:00,2011-02-15 11:33:00,5,519,928.03,197,185.606,266,0
14745.0,2011-02-27 15:25:00,2011-08-19 10:05:00,5,1038,1220.26,12,244.052,185,1
14747.0,2011-04-04 14:09:00,2011-04-04 14:09:00,1,84,328.2,149,328.2,149,1
14748.0,2010-12-06 10:19:00,2011-08-08 12:28:00,4,1061,1118.77,23,279.6925,268,0
14754.0,2011-02-17 12:21:00,2011-02-17 12:21:00,1,173,228.26999999999998,195,228.26999999999998,195,0
14755.0,2011-01-09 14:02:00,2011-08-19 12:49:00,7,1241,2867.6800000000003,12,409.66857142857145,234,0
14758.0,2011-03-25 12:10:00,2011-07-18 08:21:00,4,419,1484.06,44,371.015,159,1
14759.0,2011-04-21 10:55:00,2011-08-19 08:57:00,2,247,870.85,12,435.425,132,0
14760.0,2011-02-15 16:27:00,2011-02-15 16:27:00,1,40,89.2,197,89.2,197,1
14761.0,2011-01-09 12:03:00,2011-01-09 12:03:00,1,58,97.5,234,97.5,234,0
14762.0,2011-03-21 08:20:00,2011-03-21 08:20:00,1,341,300.52,163,300.52,163,1
14765.0,2011-06-16 19:49:00,2011-08-19 15:06:00,2,22,95.5,12,47.75,76,0
14766.0,2010-12-08 15:33:00,2011-06-24 15:00:00,4,984,1531.32,68,382.83,266,0
14768.0,2011-08-04 13:25:00,2011-08-04 13:25:00,1,40,133.20000000000002,27,133.20000000000002,27,0
14769.0,2010-12-17 11:40:00,2011-08-23 15:34:00,6,4329,6284.84,8,1047.4733333333334,257,0
14770.0,2011-01-20 15:00:00,2011-04-21 14:21:00,2,490,876.42,132,438.21,223,1
14772.0,2011-08-19 15:04:00,2011-08-19 15:04:00,1,82,139.26,12,139.26,12,1
14775.0,2010-12-02 16:38:00,2011-07-25 12:12:00,2,802,701.46,37,350.73,272,0
14776.0,2011-01-31 13:17:00,2011-08-26 14:23:00,8,2230,1862.22,5,232.7775,212,0
14778.0,2011-02-04 11:43:00,2011-08-04 15:23:00,2,306,730.86,27,365.43,208,1
14779.0,2011-01-20 12:04:00,2011-03-04 12:42:00,3,84,386.15,180,128.71666666666667,223,1
14782.0,2011-01-24 11:12:00,2011-01-24 11:12:00,1,114,200.10000000000002,219,200.10000000000002,219,1
14784.0,2011-01-20 09:25:00,2011-01-20 09:25:00,1,56,114.68,223,114.68,223,0
14790.0,2011-03-31 11:49:00,2011-08-12 12:15:00,2,384,364.04,19,182.02,153,0
14794.0,2011-01-09 16:11:00,2011-05-20 11:53:00,4,311,679.54,103,169.885,234,0
14795.0,2011-06-26 13:04:00,2011-06-26 13:04:00,1,17,131.45000000000002,66,131.45000000000002,66,1
14796.0,2010-12-08 10:40:00,2011-08-24 10:45:00,13,4384,5748.12,7,442.1630769230769,266,0
14798.0,2011-02-02 15:26:00,2011-07-18 14:40:00,2,104,97.4,44,48.7,210,0
14800.0,2010-12-05 11:10:00,2011-08-22 12:26:00,9,3154,3832.49,9,425.8322222222222,269,0
14803.0,2011-02-20 13:21:00,2011-06-30 13:58:00,3,370,845.55,62,281.84999999999997,192,1
14805.0,2011-01-30 10:43:00,2011-01-30 10:43:00,1,29,109.25,213,109.25,213,0
14808.0,2011-06-20 12:53:00,2011-07-18 13:33:00,6,1241,1833.82,44,305.63666666666666,72,0
14810.0,2010-12-05 12:08:00,2011-08-28 11:02:00,10,912,1866.78,3,186.678,269,0
14813.0,2010-12-05 11:54:00,2010-12-05 11:57:00,2,66,152.88,269,76.44,269,1
14816.0,2011-05-26 13:16:00,2011-05-26 13:16:00,1,5,271.85,97,271.85,97,1
14817.0,2011-03-07 13:51:00,2011-05-23 13:35:00,2,655,1110.34,100,555.17,177,1
14818.0,2011-03-31 12:28:00,2011-06-23 14:13:00,2,202,409.63,69,204.815,153,0
14819.0,2011-05-31 13:50:00,2011-05-31 13:50:00,1,48,84.72,92,84.72,92,0
14820.0,2011-06-19 14:56:00,2011-06-19 14:56:00,1,87,139.77,73,139.77,73,0
14821.0,2010-12-08 08:43:00,2010-12-08 08:43:00,1,20,48.800000000000004,266,48.800000000000004,266,1
14823.0,2011-05-29 12:48:00,2011-06-12 13:12:00,3,88,321.43,80,107.14333333333333,94,1
14825.0,2010-12-06 12:30:00,2011-08-04 11:16:00,7,540,1333.47,27,190.49571428571429,268,0
14828.0,2011-01-07 09:50:00,2011-05-27 10:16:00,3,2172,2139.76,96,713.2533333333334,236,1
14829.0,2010-12-02 16:12:00,2011-06-08 14:29:00,3,364,531.63,84,177.21,272,0
14834.0,2011-04-13 15:00:00,2011-08-11 14:36:00,2,180,429.3,20,214.65,140,0
14837.0,2011-05-22 12:49:00,2011-08-26 13:00:00,3,1226,1345.56,5,448.52,101,0
14840.0,2011-03-17 12:00:00,2011-03-17 12:00:00,1,31,62.85,167,62.85,167,1
14841.0,2010-12-16 10:28:00,2011-06-13 14:55:00,4,1235,2375.57,79,593.8925,258,0
14842.0,2011-02-04 15:32:00,2011-06-01 08:38:00,2,633,1688.48,91,844.24,208,0
14844.0,2011-04-12 13:10:00,2011-08-08 13:34:00,3,1301,2257.6800000000003,23,752.5600000000001,141,0
14847.0,2011-07-14 10:52:00,2011-07-14 10:52:00,1,120,309.4,48,309.4,48,1
14849.0,2010-12-01 12:22:00,2011-08-12 11:09:00,15,3624,5025.25,19,335.01666666666665,273,0
14850.0,2011-02-01 11:21:00,2011-02-01 11:21:00,1,293,325.75,211,325.75,211,1
14851.0,2011-03-28 14:59:00,2011-03-28 14:59:00,1,139,206.13,156,206.13,156,0
14852.0,2011-04-01 13:22:00,2011-07-22 10:00:00,4,1013,1634.21,40,408.5525,152,0
14853.0,2011-05-12 15:17:00,2011-05-12 15:17:00,1,34,214.5,111,214.5,111,0
14854.0,2011-03-10 12:22:00,2011-07-29 15:40:00,6,1429,2281.83,33,380.305,174,0
14855.0,2011-07-28 12:06:00,2011-08-12 14:02:00,2,267,645.65,19,322.825,34,1
14857.0,2011-07-14 15:03:00,2011-07-14 15:03:00,1,188,522.52,48,522.52,48,0
14859.0,2011-05-19 14:42:00,2011-05-19 14:42:00,1,209,296.86,104,296.86,104,0
14862.0,2011-07-14 11:20:00,2011-07-14 11:20:00,1,430,304.09999999999997,48,304.09999999999997,48,0
14865.0,2010-12-02 18:23:00,2010-12-02 18:23:00,1,96,37.2,272,37.2,272,0
14866.0,2010-12-08 14:58:00,2011-08-26 11:48:00,4,552,1163.9,5,290.975,266,0
14867.0,2011-01-07 16:34:00,2011-06-07 11:39:00,3,328,710.28,85,236.76,236,1
14868.0,2011-04-20 13:36:00,2011-08-11 14:55:00,4,689,1297.07,20,324.2675,133,0
14869.0,2011-08-28 16:09:00,2011-08-28 16:09:00,1,354,387.06,3,387.06,3,0
14870.0,2011-03-23 10:51:00,2011-03-23 10:51:00,1,119,327.25,161,327.25,161,1
14871.0,2010-12-14 12:18:00,2011-06-14 13:04:00,3,109,335.3,78,111.76666666666667,260,0
14873.0,2011-05-13 13:52:00,2011-05-13 13:52:00,1,168,519.68,110,519.68,110,1
14875.0,2011-03-22 11:53:00,2011-08-24 12:20:00,2,558,1465.3200000000002,7,732.6600000000001,162,1
14878.0,2010-12-16 12:11:00,2011-06-19 11:14:00,6,627,1083.02,73,180.50333333333333,258,0
14880.0,2011-02-24 12:27:00,2011-06-07 13:27:00,2,237,347.67,85,173.835,188,0
14883.0,2011-05-12 09:49:00,2011-06-29 09:32:00,2,322,358.48,63,179.24,111,0
14885.0,2011-07-31 12:05:00,2011-07-31 12:05:00,1,724,765.3199999999999,31,765.3199999999999,31,1
14886.0,2011-04-01 08:56:00,2011-04-01 08:56:00,1,160,364.8,152,364.8,152,1
14888.0,2011-05-16 14:58:00,2011-05-16 14:58:00,1,184,369.2,107,369.2,107,1
14889.0,2011-01-07 15:19:00,2011-01-07 15:19:00,1,90,135.9,236,135.9,236,1
14890.0,2011-03-31 11:57:00,2011-03-31 11:57:00,1,51,125.65,153,125.65,153,1
14891.0,2011-06-05 10:58:00,2011-07-14 18:08:00,2,505,554.38,48,277.19,87,1
14895.0,2011-02-22 13:08:00,2011-08-21 15:50:00,10,2426,6081.71,10,608.171,190,0
14896.0,2010-12-09 12:24:00,2011-05-19 10:20:00,2,279,468.77000000000004,104,234.38500000000002,265,1
14897.0,2011-02-16 08:37:00,2011-02-16 08:37:00,1,122,175.5,196,175.5,196,0
14898.0,2010-12-03 15:25:00,2011-07-28 14:03:00,5,852,991.18,34,198.236,271,0
14901.0,2010-12-02 11:20:00,2011-08-30 12:00:00,5,409,822.12,1,164.424,272,0
14903.0,2011-03-06 11:50:00,2011-08-07 12:42:00,4,1330,2398.62,24,599.655,178,0
14905.0,2011-04-20 10:48:00,2011-07-05 12:41:00,2,287,616.15,57,308.075,133,1
14907.0,2010-12-07 10:14:00,2011-07-15 10:27:00,4,933,1931.82,47,482.955,267,0
14911.0,2010-12-01 14:05:00,2011-08-26 14:29:00,106,39424,74381.01,5,701.7076415094339,273,0
14912.0,2011-04-07 11:06:00,2011-04-07 11:06:00,1,445,482.78999999999996,146,482.78999999999996,146,0
14913.0,2010-12-15 14:35:00,2011-06-09 14:14:00,3,1362,917.15,83,305.71666666666664,259,0
14915.0,2011-03-07 09:39:00,2011-03-07 09:39:00,1,76,142.28,177,142.28,177,0
14916.0,2011-01-19 15:30:00,2011-07-13 10:38:00,2,604,701.28,49,350.64,224,0
14918.0,2011-07-08 12:50:00,2011-08-16 11:50:00,2,675,1610.15,15,805.075,54,1
14920.0,2011-05-11 10:31:00,2011-05-11 10:32:00,2,509,977.77,112,488.885,112,1
14921.0,2011-05-22 12:51:00,2011-05-22 12:51:00,1,631,903.01,101,903.01,101,0
14924.0,2011-04-08 09:25:00,2011-04-08 09:25:00,1,64,310.05,145,310.05,145,1
14930.0,2011-03-10 14:42:00,2011-08-23 10:31:00,3,1160,2362.96,8,787.6533333333333,174,1
14931.0,2011-04-13 09:32:00,2011-05-17 17:12:00,2,98,586.0,106,293.0,140,0
14932.0,2010-12-09 11:48:00,2010-12-09 11:48:00,1,80,363.53,265,363.53,265,1
14934.0,2011-03-02 11:48:00,2011-03-02 11:48:00,1,459,828.84,182,828.84,182,0
14935.0,2011-02-15 14:44:00,2011-02-15 14:44:00,1,935,1784.71,197,1784.71,197,1
14936.0,2011-03-09 11:53:00,2011-08-23 12:30:00,3,2352,5072.88,8,1690.96,175,0
14937.0,2011-08-01 14:16:00,2011-08-01 14:16:00,1,172,759.56,30,759.56,30,0
14944.0,2011-02-16 12:47:00,2011-07-18 09:21:00,6,1383,2507.73,44,417.955,196,0
14947.0,2011-08-01 09:31:00,2011-08-01 09:31:00,1,118,178.5,30,178.5,30,0
14948.0,2011-05-04 14:52:00,2011-08-22 11:13:00,3,361,556.87,9,185.62333333333333,119,0
14952.0,2010-12-10 12:48:00,2011-05-17 08:38:00,7,1787,3534.61,106,504.94428571428574,264,0
14957.0,2011-03-31 17:59:00,2011-03-31 17:59:00,1,34,58.49,153,58.49,153,1
14958.0,2011-04-08 11:28:00,2011-07-15 14:20:00,3,128,483.72999999999996,47,161.2433333333333,145,1
14959.0,2011-02-16 13:00:00,2011-08-22 09:28:00,3,400,537.32,9,179.10666666666668,196,0
14960.0,2011-06-21 13:38:00,2011-06-21 13:38:00,1,20,88.3,71,88.3,71,0
14961.0,2010-12-14 11:38:00,2011-07-08 15:29:00,6,2152,3906.98,54,651.1633333333333,260,0
14962.0,2011-03-14 09:42:00,2011-03-14 09:42:00,1,44,126.7,170,126.7,170,1
14963.0,2011-06-09 12:30:00,2011-06-09 12:30:00,1,167,294.2,83,294.2,83,0
14964.0,2011-04-06 14:13:00,2011-04-06 14:13:00,1,143,206.21,147,206.21,147,1
14970.0,2011-01-27 12:23:00,2011-07-25 14:45:00,3,165,1119.75,37,373.25,216,0
14972.0,2011-08-03 14:54:00,2011-08-03 14:54:00,1,28,114.77,28,114.77,28,1
14973.0,2011-04-28 12:22:00,2011-08-24 15:51:00,3,369,1314.45,7,438.15000000000003,125,1
14976.0,2011-01-17 11:09:00,2011-08-30 17:23:00,4,162,559.96,1,139.99,226,0
14978.0,2011-01-13 12:03:00,2011-04-18 10:55:00,4,415,1527.23,135,381.8075,230,0
14981.0,2011-04-07 13:45:00,2011-04-07 13:45:00,1,97,102.12,146,102.12,146,1
14984.0,2011-06-12 11:04:00,2011-06-12 11:04:00,1,20,102.23,80,102.23,80,0
14985.0,2010-12-16 19:51:00,2011-05-25 14:29:00,2,256,292.01,98,146.005,258,1
14987.0,2010-12-09 12:13:00,2010-12-09 12:13:00,1,64,163.2,265,163.2,265,0
14988.0,2011-05-12 12:05:00,2011-05-12 12:05:00,1,141,334.54,111,334.54,111,1
14995.0,2011-03-04 13:14:00,2011-03-04 13:14:00,1,51,119.31,180,119.31,180,0
14997.0,2011-06-14 16:52:00,2011-06-14 16:52:00,1,312,155.28,78,155.28,78,0
14998.0,2011-04-12 16:28:00,2011-06-22 17:30:00,2,258,414.87,70,207.435,141,1
15002.0,2010-12-07 13:16:00,2011-08-16 10:44:00,4,862,1641.76,15,410.44,267,1
15004.0,2011-07-15 14:05:00,2011-07-15 14:05:00,1,623,1220.77,47,1220.77,47,1
15005.0,2010-12-08 14:36:00,2011-08-23 15:24:00,19,2883,4314.23,8,227.06473684210525,266,0
15007.0,2011-07-03 16:00:00,2011-07-03 16:00:00,1,69,156.91,59,156.91,59,1
15012.0,2010-12-01 12:49:00,2010-12-01 12:49:00,1,84,188.56,273,188.56,273,0
15014.0,2011-06-16 19:40:00,2011-06-16 19:40:00,1,68,117.72999999999999,76,117.72999999999999,76,0
15016.0,2011-06-20 12:06:00,2011-06-20 12:06:00,1,76,170.04,72,170.04,72,1
15018.0,2010-12-07 10:47:00,2011-04-01 09:56:00,2,94,291.34000000000003,152,145.67000000000002,267,0
15019.0,2011-03-18 12:35:00,2011-03-18 12:35:00,1,150,252.81,166,252.81,166,1
15021.0,2010-12-08 12:17:00,2011-07-06 11:52:00,5,505,1080.23,56,216.046,266,0
15023.0,2010-12-05 13:49:00,2011-08-15 15:06:00,8,2193,5027.97,16,628.49625,269,0
15024.0,2010-12-07 13:20:00,2011-08-18 19:13:00,5,404,830.62,13,166.124,267,0
15026.0,2011-03-07 13:45:00,2011-04-13 14:25:00,2,81,230.78,140,115.39,177,0
15027.0,2011-04-15 14:14:00,2011-06-24 14:33:00,3,523,966.9699999999999,68,322.3233333333333,138,0
15028.0,2010-12-06 12:47:00,2010-12-06 12:47:00,1,119,185.97,268,185.97,268,0
15030.0,2011-03-16 15:34:00,2011-03-16 15:34:00,1,156,152.76,168,152.76,168,0
15031.0,2011-03-02 14:46:00,2011-08-21 15:35:00,2,115,261.79,10,130.895,182,0
15032.0,2010-12-08 12:57:00,2011-03-28 15:03:00,3,2968,4959.1,156,1653.0333333333335,266,1
15033.0,2011-01-14 13:28:00,2011-08-22 13:40:00,6,903,1608.95,9,268.15833333333336,229,0
15034.0,2010-12-21 09:47:00,2011-04-21 11:03:00,5,1326,2640.38,132,528.076,253,0
15036.0,2011-06-13 12:19:00,2011-06-15 13:35:00,2,143,212.49,77,106.245,79,0
15038.0,2010-12-05 10:54:00,2011-06-05 11:14:00,4,123,497.7,87,124.425,269,0
15039.0,2010-12-06 11:26:00,2011-08-17 12:20:00,36,8121,17502.56,14,486.18222222222226,268,0
15041.0,2011-06-22 16:16:00,2011-06-22 16:16:00,1,103,179.93,70,179.93,70,1
15042.0,2011-05-24 16:25:00,2011-05-24 16:25:00,1,30,135.93,99,135.93,99,1
15044.0,2010-12-12 14:27:00,2011-07-26 13:57:00,13,1539,5152.68,36,396.36,262,0
15045.0,2011-03-27 11:44:00,2011-07-11 11:33:00,2,114,735.66,51,367.83,157,1
15046.0,2011-01-05 15:30:00,2011-08-04 15:07:00,10,2451,3822.48,27,382.248,238,0
15047.0,2011-03-15 10:49:00,2011-03-15 10:49:00,1,222,343.62,169,343.62,169,1
15048.0,2010-12-06 12:15:00,2011-08-15 10:02:00,3,170,321.48,16,107.16000000000001,268,0
15049.0,2011-03-11 12:13:00,2011-03-11 12:13:00,1,63,121.17000000000002,173,121.17000000000002,173,1
15051.0,2011-07-12 15:29:00,2011-07-12 15:29:00,1,351,377.74,50,377.74,50,0
15052.0,2011-01-24 15:52:00,2011-01-24 15:52:00,1,79,207.73000000000002,219,207.73000000000002,219,1
15053.0,2011-03-03 12:06:00,2011-07-06 13:06:00,2,514,478.6,56,239.3,181,0
15057.0,2011-01-28 09:09:00,2011-03-09 15:17:00,2,668,1489.5,175,744.75,215,1
15058.0,2011-01-31 15:35:00,2011-08-07 10:43:00,7,607,1234.76,24,176.3942857142857,212,0
15059.0,2011-01-09 11:54:00,2011-08-24 13:22:00,7,405,1008.6,7,144.0857142857143,234,0
15061.0,2010-12-02 15:19:00,2011-08-04 10:45:00,37,19193,36575.0,27,988.5135135135135,272,0
15062.0,2010-12-15 15:37:00,2011-05-06 10:19:00,3,541,814.04,117,271.34666666666664,259,0
15063.0,2011-05-10 13:25:00,2011-05-10 13:25:00,1,56,370.79999999999995,113,370.79999999999995,113,1
15065.0,2011-02-21 12:54:00,2011-06-28 11:44:00,3,1181,2858.75,64,952.9166666666666,191,0
15067.0,2011-03-02 12:10:00,2011-03-02 12:10:00,1,335,848.05,182,848.05,182,0
15068.0,2011-03-28 14:27:00,2011-03-28 14:27:00,1,130,239.95999999999998,156,239.95999999999998,156,0
15069.0,2011-06-13 14:16:00,2011-06-13 14:16:00,1,520,1109.53,79,1109.53,79,1
15070.0,2010-12-02 11:23:00,2010-12-02 11:23:00,1,36,106.2,272,106.2,272,1
15071.0,2011-03-09 10:19:00,2011-03-09 10:19:00,1,165,588.6700000000001,175,588.6700000000001,175,0
15073.0,2011-06-06 09:59:00,2011-06-07 12:00:00,2,428,861.96,85,430.98,86,0
15074.0,2011-08-26 14:45:00,2011-08-26 14:45:00,1,431,735.67,5,735.67,5,1
15076.0,2011-06-20 08:23:00,2011-06-20 08:23:00,1,571,880.85,72,880.85,72,1
15078.0,2010-12-06 12:38:00,2011-08-26 11:19:00,22,3387,6702.59,5,304.66318181818184,268,0
15079.0,2010-12-09 09:25:00,2011-05-11 12:45:00,4,389,895.61,112,223.9025,265,1
15081.0,2010-12-07 16:20:00,2011-05-15 13:31:00,2,113,248.05,108,124.025,267,0
15083.0,2011-03-28 12:18:00,2011-03-28 12:18:00,1,38,88.2,156,88.2,156,1
15087.0,2011-03-03 10:34:00,2011-03-03 10:34:00,1,470,306.94,181,306.94,181,1
15089.0,2011-08-03 14:14:00,2011-08-23 13:40:00,2,1085,1677.23,8,838.615,28,0
15090.0,2011-02-04 14:03:00,2011-02-04 14:03:00,1,208,381.32,208,381.32,208,1
15092.0,2011-03-01 12:24:00,2011-05-08 14:10:00,2,135,457.81,115,228.905,183,1
15093.0,2010-12-02 18:25:00,2011-08-15 09:59:00,5,3279,4027.1,16,805.42,272,0
15095.0,2011-05-20 14:27:00,2011-08-28 12:01:00,4,1079,1370.6,3,342.65,103,1
15098.0,2011-06-10 15:22:00,2011-06-10 15:33:00,3,121,39916.5,82,13305.5,82,1
15100.0,2010-12-01 09:09:00,2011-01-10 10:35:00,3,80,876.0,233,292.0,273,1
15101.0,2010-12-15 12:54:00,2010-12-15 12:54:00,1,34,102.28,259,102.28,259,0
15104.0,2011-03-02 14:16:00,2011-05-27 12:29:00,2,635,993.54,96,496.77,182,1
15105.0,2011-07-28 10:09:00,2011-07-28 10:09:00,1,274,532.98,34,532.98,34,0
15106.0,2011-03-15 12:52:00,2011-07-21 17:02:00,3,822,1032.83,41,344.27666666666664,169,0
15107.0,2010-12-02 13:45:00,2011-02-01 14:46:00,6,169,319.5,211,53.25,272,1
15108.0,2011-04-26 10:54:00,2011-07-21 10:24:00,4,499,1300.25,41,325.0625,127,1
15109.0,2011-04-08 09:58:00,2011-04-08 09:58:00,1,131,484.95,145,484.95,145,1
15110.0,2011-01-25 11:41:00,2011-08-05 09:25:00,2,121,376.55,26,188.275,218,0
15111.0,2010-12-02 11:45:00,2010-12-02 11:45:00,1,106,288.5,272,288.5,272,0
15114.0,2011-02-11 08:45:00,2011-08-15 16:13:00,6,1509,1354.01,16,225.66833333333332,201,0
15116.0,2011-05-19 08:50:00,2011-07-28 09:48:00,2,255,790.97,34,395.485,104,0
15117.0,2011-05-08 12:38:00,2011-08-11 11:51:00,2,1085,675.73,20,337.865,115,0
15118.0,2011-07-28 14:54:00,2011-07-28 14:54:00,1,1440,244.8,34,244.8,34,1
15119.0,2011-04-08 09:08:00,2011-04-08 09:08:00,1,88,266.4,145,266.4,145,1
15120.0,2011-07-29 09:48:00,2011-07-29 09:48:00,1,296,358.82,33,358.82,33,1
15121.0,2011-02-24 12:41:00,2011-02-24 12:41:00,1,125,295.15,188,295.15,188,0
15122.0,2011-02-15 09:59:00,2011-08-17 16:48:00,3,800,1633.78,14,544.5933333333334,197,1
15123.0,2011-05-17 14:57:00,2011-05-17 14:57:00,1,509,1069.47,106,1069.47,106,0
15124.0,2011-06-01 09:06:00,2011-06-01 09:06:00,1,89,90.75,91,90.75,91,0
15125.0,2011-03-14 09:59:00,2011-08-18 17:50:00,12,5909,10795.48,13,899.6233333333333,170,0
15128.0,2011-05-04 12:32:00,2011-08-05 10:31:00,3,1007,1170.24,26,390.08,119,0
15129.0,2011-02-21 09:09:00,2011-08-25 10:45:00,10,1621,2796.73,6,279.673,191,0
15130.0,2011-06-23 10:15:00,2011-06-23 10:15:00,1,197,330.11,69,330.11,69,1
15132.0,2011-03-22 12:02:00,2011-08-26 11:47:00,3,633,842.23,5,280.74333333333334,162,0
15133.0,2011-02-11 10:38:00,2011-08-04 10:44:00,3,680,982.42,27,327.4733333333333,201,1
15134.0,2011-04-13 11:05:00,2011-08-04 15:17:00,4,390,614.86,27,153.715,140,0
15135.0,2011-04-14 19:16:00,2011-04-14 19:16:00,1,43,139.05,139,139.05,139,1
15139.0,2011-01-07 12:44:00,2011-04-14 11:39:00,2,208,178.96,139,89.48,236,1
15140.0,2011-03-20 14:37:00,2011-08-16 11:38:00,5,1266,1728.11,15,345.62199999999996,164,0
15143.0,2011-04-28 12:03:00,2011-04-28 12:03:00,1,150,259.45,125,259.45,125,1
15144.0,2011-01-31 13:17:00,2011-08-18 16:18:00,9,1450,2968.94,13,329.88222222222225,212,0
15145.0,2011-04-05 15:20:00,2011-04-26 16:40:00,2,438,724.03,127,362.015,148,0
15146.0,2011-02-21 13:07:00,2011-06-28 12:09:00,2,1473,1327.16,64,663.58,191,1
15147.0,2011-04-13 15:57:00,2011-04-13 15:57:00,1,366,623.5,140,623.5,140,1
15149.0,2011-07-29 10:58:00,2011-07-29 10:58:00,1,128,520.8000000000001,33,520.8000000000001,33,1
15150.0,2011-03-15 14:21:00,2011-08-22 15:05:00,5,2474,3569.62,9,713.924,169,0
15152.0,2011-06-05 15:36:00,2011-08-18 12:53:00,6,1173,2383.21,13,397.20166666666665,87,0
15157.0,2010-12-16 13:44:00,2011-07-08 13:26:00,2,1910,1505.37,54,752.685,258,0
15159.0,2010-12-13 15:44:00,2011-08-19 09:38:00,18,5666,8969.97,12,498.33166666666665,261,0
15160.0,2010-12-17 14:15:00,2010-12-17 14:15:00,1,84,158.16,257,158.16,257,1
15163.0,2011-05-31 15:22:00,2011-05-31 15:22:00,1,48,155.0,92,155.0,92,0
15164.0,2011-01-04 14:21:00,2011-05-15 13:14:00,2,142,363.23,108,181.615,239,0
15165.0,2010-12-01 14:03:00,2010-12-01 14:03:00,1,160,487.75,273,487.75,273,1
15167.0,2011-01-23 12:41:00,2011-01-23 12:41:00,1,65,158.8,220,158.8,220,1
15171.0,2011-01-12 15:36:00,2011-01-12 15:36:00,1,290,1289.5,231,1289.5,231,1
15172.0,2011-04-17 11:56:00,2011-07-27 11:29:00,3,838,886.74,35,295.58,136,0
15174.0,2011-01-21 09:06:00,2011-01-21 09:06:00,1,145,135.75,222,135.75,222,1
15178.0,2011-03-24 15:12:00,2011-03-24 15:12:00,1,30,40.5,160,40.5,160,1
15179.0,2011-01-24 13:48:00,2011-04-20 09:03:00,3,1294,1455.12,133,485.03999999999996,219,0
15180.0,2010-12-07 14:57:00,2010-12-07 14:57:00,1,36,87.5,267,87.5,267,1
15181.0,2011-03-15 12:03:00,2011-06-17 13:57:00,2,252,434.99999999999994,75,217.49999999999997,169,0
15182.0,2011-03-16 12:42:00,2011-07-08 13:37:00,2,253,622.85,54,311.425,168,1
15184.0,2011-06-02 12:06:00,2011-06-02 12:06:00,1,73,235.23000000000002,90,235.23000000000002,90,0
15186.0,2011-06-24 14:54:00,2011-06-24 14:54:00,1,162,229.26,68,229.26,68,0
15187.0,2011-05-11 13:49:00,2011-08-02 09:34:00,4,572,1552.04,29,388.01,112,0
15189.0,2011-01-11 12:29:00,2011-08-25 09:39:00,28,4027,11128.54,6,397.4478571428572,232,0
15192.0,2010-12-09 14:56:00,2011-08-12 11:41:00,3,918,1044.32,19,348.1066666666666,265,1
15194.0,2010-12-06 15:00:00,2011-08-05 10:39:00,11,3283,4469.53,26,406.3209090909091,268,0
15197.0,2010-12-16 18:01:00,2011-04-01 11:50:00,2,202,773.25,152,386.625,258,0
15198.0,2011-08-07 15:16:00,2011-08-07 15:16:00,1,64,107.64,24,107.64,24,0
15199.0,2011-02-04 14:04:00,2011-04-18 12:45:00,2,227,657.15,135,328.575,208,0
15201.0,2011-04-06 14:02:00,2011-08-05 14:05:00,4,914,933.26,26,233.315,147,0
15203.0,2011-02-01 12:29:00,2011-08-26 09:58:00,4,1339,1328.32,5,332.08,211,0
15204.0,2010-12-17 13:49:00,2010-12-17 13:49:00,1,258,316.58,257,316.58,257,1
15205.0,2011-08-04 16:07:00,2011-08-04 16:07:00,1,196,476.29999999999995,27,476.29999999999995,27,0
15206.0,2011-03-09 08:59:00,2011-07-17 11:26:00,2,18,53.10000000000001,45,26.550000000000004,175,0
15208.0,2010-12-21 13:03:00,2011-06-29 13:51:00,2,154,323.52,63,161.76,253,0
15210.0,2011-04-28 16:11:00,2011-04-28 16:11:00,1,228,331.18,125,331.18,125,1
15211.0,2010-12-09 16:08:00,2010-12-09 16:08:00,1,117,383.07,265,383.07,265,0
15212.0,2011-04-12 13:45:00,2011-04-12 13:45:00,1,36,101.8,141,101.8,141,1
15213.0,2011-01-14 11:05:00,2011-01-25 12:21:00,2,272,328.35,218,164.175,229,1
15214.0,2011-04-11 09:46:00,2011-06-09 09:44:00,2,556,651.63,83,325.815,142,0
15218.0,2011-01-25 11:20:00,2011-08-15 12:06:00,8,2258,3865.35,16,483.16875,218,0
15219.0,2011-06-16 16:57:00,2011-06-16 16:57:00,1,45,305.75,76,305.75,76,1
15220.0,2011-03-04 10:24:00,2011-08-16 14:28:00,5,1137,1284.05,15,256.81,180,0
15221.0,2010-12-08 13:08:00,2010-12-08 13:08:00,1,43,403.25,266,403.25,266,1
15222.0,2011-01-25 08:03:00,2011-01-25 08:03:00,1,440,585.0,218,585.0,218,1
15223.0,2011-04-04 12:17:00,2011-04-28 11:31:00,2,213,755.75,125,377.875,149,1
15224.0,2010-12-12 12:34:00,2010-12-16 15:02:00,2,152,322.08,258,161.04,262,1
15225.0,2011-04-19 14:51:00,2011-04-19 14:51:00,1,226,409.40000000000003,134,409.40000000000003,134,1
15226.0,2011-02-02 11:41:00,2011-02-02 11:41:00,1,71,154.41,210,154.41,210,1
15227.0,2011-01-26 15:31:00,2011-05-08 10:11:00,3,589,876.8199999999999,115,292.2733333333333,217,0
15228.0,2011-02-18 09:04:00,2011-08-02 12:27:00,3,1505,2224.03,29,741.3433333333334,194,0
15230.0,2011-04-13 11:04:00,2011-04-14 14:39:00,2,351,429.6,139,214.8,140,1
15232.0,2011-07-22 12:21:00,2011-08-18 16:27:00,2,686,612.06,13,306.03,40,1
15234.0,2011-03-08 08:53:00,2011-03-08 08:53:00,1,196,197.0,176,197.0,176,1
15235.0,2010-12-01 17:22:00,2011-05-06 09:44:00,12,1324,2247.51,117,187.29250000000002,273,1
15236.0,2011-02-14 10:52:00,2011-02-14 10:52:00,1,269,321.05,198,321.05,198,1
15237.0,2011-04-26 15:04:00,2011-05-20 14:47:00,2,798,1093.65,103,546.825,127,0
15238.0,2011-06-08 16:00:00,2011-06-08 16:00:00,1,222,300.14,84,300.14,84,0
15240.0,2011-02-01 08:23:00,2011-06-01 11:27:00,3,755,1045.38,91,348.46000000000004,211,0
15241.0,2011-03-01 11:02:00,2011-08-04 16:41:00,6,1558,1344.86,27,224.14333333333332,183,0
15244.0,2011-04-05 15:12:00,2011-04-05 15:12:00,1,240,297.94,148,297.94,148,0
15245.0,2011-03-23 13:42:00,2011-07-28 18:56:00,3,1784,2515.84,34,838.6133333333333,161,1
15246.0,2010-12-16 09:46:00,2011-04-15 14:45:00,2,247,514.15,138,257.075,258,1
15247.0,2011-08-09 12:52:00,2011-08-09 12:52:00,1,160,356.0,22,356.0,22,1
15249.0,2011-03-28 12:49:00,2011-08-24 10:19:00,10,2922,5357.03,7,535.703,156,0
15251.0,2011-04-12 10:38:00,2011-08-25 10:49:00,7,4576,7452.12,6,1064.5885714285714,141,0
15252.0,2011-06-09 14:15:00,2011-06-09 14:15:00,1,99,300.55,83,300.55,83,0
15253.0,2011-06-23 12:19:00,2011-06-23 12:19:00,1,211,173.85,69,173.85,69,0
15254.0,2011-08-04 15:04:00,2011-08-04 15:04:00,1,275,300.36,27,300.36,27,1
15256.0,2011-07-14 11:47:00,2011-07-14 11:47:00,1,55,98.45,48,98.45,48,1
15257.0,2011-03-01 12:58:00,2011-03-01 12:58:00,1,46,317.15,183,317.15,183,1
15258.0,2011-05-06 14:16:00,2011-06-24 12:30:00,2,142,623.16,68,311.58,117,1
15260.0,2010-12-02 12:09:00,2011-08-31 13:55:00,7,885,1810.77,0,258.68142857142857,272,1
15261.0,2011-07-27 15:20:00,2011-07-27 15:20:00,1,270,254.82,35,254.82,35,1
15262.0,2011-01-20 12:16:00,2011-01-20 12:16:00,1,73,178.95000000000002,223,178.95000000000002,223,1
15263.0,2011-08-25 10:26:00,2011-08-25 10:26:00,1,89,156.51,6,156.51,6,1
15265.0,2011-04-18 12:16:00,2011-07-11 14:46:00,2,612,1506.1200000000001,51,753.0600000000001,135,1
15266.0,2011-01-05 13:40:00,2011-01-05 13:40:00,1,18,119.3,238,119.3,238,1
15267.0,2011-06-10 10:24:00,2011-07-07 11:36:00,2,704,1407.76,55,703.88,82,0
15270.0,2011-02-02 13:25:00,2011-08-14 10:38:00,5,1017,1850.29,17,370.058,210,0
15271.0,2010-12-09 13:47:00,2011-08-15 14:35:00,9,712,1368.3,16,152.03333333333333,265,0
15279.0,2010-12-20 10:48:00,2010-12-20 10:48:00,1,189,290.51,254,290.51,254,1
15280.0,2011-06-20 17:14:00,2011-06-20 17:14:00,1,154,113.12,72,113.12,72,1
15281.0,2011-01-10 15:51:00,2011-07-26 09:23:00,8,1128,2191.78,36,273.9725,233,0
15288.0,2010-12-09 13:59:00,2011-07-07 10:28:00,4,721,2006.3600000000001,55,501.59000000000003,265,0
15289.0,2011-04-04 12:44:00,2011-07-25 11:01:00,2,768,697.98,37,348.99,149,0
15290.0,2010-12-15 16:03:00,2011-08-28 10:54:00,12,1723,3392.5899999999997,3,282.7158333333333,259,0
15291.0,2010-12-01 09:32:00,2011-06-20 09:44:00,11,1166,3306.27,72,300.57,273,0
15292.0,2011-05-22 15:00:00,2011-05-22 15:00:00,1,55,178.39,101,178.39,101,1
15296.0,2011-01-17 11:57:00,2011-08-22 14:20:00,5,1275,2599.49,9,519.8979999999999,226,0
15298.0,2010-12-08 13:55:00,2011-07-20 14:58:00,6,1685,2767.2,42,461.2,266,0
15299.0,2010-12-02 16:48:00,2011-06-28 17:01:00,5,2578,3035.01,64,607.0020000000001,272,0
15301.0,2010-12-06 12:21:00,2011-08-18 09:45:00,9,1998,3727.4,13,414.15555555555557,268,0
15303.0,2011-02-22 13:59:00,2011-02-22 13:59:00,1,248,574.02,190,574.02,190,1
15304.0,2010-12-06 11:42:00,2011-06-28 08:19:00,6,74,491.90000000000003,64,81.98333333333333,268,0
15306.0,2011-07-14 15:22:00,2011-07-14 15:22:00,1,278,344.62,48,344.62,48,0
15308.0,2011-03-10 13:08:00,2011-03-10 13:08:00,1,175,310.47,174,310.47,174,1
15311.0,2010-12-01 09:41:00,2011-08-19 15:06:00,63,28817,44996.54,12,714.2307936507937,273,0
15312.0,2010-12-20 12:51:00,2011-08-28 14:00:00,3,410,794.8,3,264.93333333333334,254,0
15313.0,2011-08-21 16:02:00,2011-08-21 16:02:00,1,25,52.0,10,52.0,10,1
15314.0,2011-05-24 14:39:00,2011-05-24 14:39:00,1,313,327.97,99,327.97,99,1
15315.0,2011-08-15 15:17:00,2011-08-15 15:17:00,1,262,233.54,16,233.54,16,0
15316.0,2011-01-17 11:34:00,2011-01-17 11:34:00,1,100,165.0,226,165.0,226,1
15319.0,2011-03-01 12:48:00,2011-03-01 12:48:00,1,175,204.5,183,204.5,183,1
15321.0,2011-02-21 11:10:00,2011-02-21 11:10:00,1,545,1159.47,191,1159.47,191,0
15325.0,2011-08-28 11:55:00,2011-08-28 11:55:00,1,231,161.74,3,161.74,3,1
15326.0,2011-01-10 11:38:00,2011-01-10 11:38:00,1,386,311.71,233,311.71,233,1
15329.0,2011-06-21 10:37:00,2011-07-28 15:31:00,2,386,754.0,34,377.0,71,0
15332.0,2010-12-05 12:00:00,2010-12-08 14:43:00,4,652,1661.06,266,415.265,269,1
15333.0,2011-05-15 13:27:00,2011-05-15 13:27:00,1,344,1028.56,108,1028.56,108,1
15334.0,2011-06-19 13:51:00,2011-07-06 11:22:00,3,273,350.82,56,116.94,73,1
15339.0,2011-01-25 13:15:00,2011-01-25 13:15:00,1,159,257.9,218,257.9,218,0
15342.0,2011-08-02 10:19:00,2011-08-02 10:19:00,1,283,406.09,29,406.09,29,1
15346.0,2011-01-11 11:18:00,2011-01-11 11:18:00,1,144,252.42000000000002,232,252.42000000000002,232,1
15347.0,2010-12-08 15:25:00,2010-12-08 15:25:00,1,130,201.60000000000002,266,201.60000000000002,266,1
15349.0,2011-06-05 15:46:00,2011-07-04 16:06:00,2,321,463.90999999999997,58,231.95499999999998,87,1
15350.0,2010-12-01 13:33:00,2010-12-01 13:33:00,1,51,115.65,273,115.65,273,1
15351.0,2010-12-05 11:49:00,2010-12-05 11:49:00,1,129,274.67,269,274.67,269,0
15353.0,2010-12-07 11:49:00,2011-03-30 12:15:00,2,341,770.12,154,385.06,267,1
15356.0,2010-12-06 14:05:00,2011-08-26 13:25:00,8,1355,2231.17,5,278.89625,268,0
15358.0,2010-12-09 10:04:00,2011-08-11 12:44:00,15,4933,5639.81,20,375.98733333333337,265,0
15361.0,2010-12-13 09:52:00,2010-12-13 09:52:00,1,336,418.92,261,418.92,261,1
15363.0,2010-12-02 12:28:00,2010-12-02 12:28:00,1,144,326.0,272,326.0,272,1
15364.0,2011-03-30 13:39:00,2011-03-30 13:39:00,1,84,331.80000000000007,154,331.80000000000007,154,0
15365.0,2011-01-28 13:08:00,2011-01-28 13:08:00,1,85,208.61,215,208.61,215,0
15366.0,2010-12-16 15:59:00,2010-12-16 15:59:00,1,61,105.54,258,105.54,258,0
15367.0,2011-03-09 13:53:00,2011-04-08 11:50:00,2,750,1416.18,145,708.09,175,0
15370.0,2011-01-11 11:32:00,2011-07-21 18:36:00,4,611,1513.46,41,378.365,232,0
15372.0,2011-07-25 16:39:00,2011-07-25 16:39:00,1,2924,2007.3999999999999,37,2007.3999999999999,37,1
15373.0,2010-12-03 14:40:00,2011-08-16 08:52:00,9,354,1686.9,15,187.43333333333334,271,0
15374.0,2011-08-03 09:59:00,2011-08-03 09:59:00,1,126,168.0,28,168.0,28,1
15376.0,2011-05-01 13:45:00,2011-08-14 15:39:00,2,533,977.22,17,488.61,122,0
15379.0,2010-12-16 13:02:00,2011-06-23 13:13:00,7,2305,3703.29,69,529.0414285714286,258,1
15380.0,2010-12-09 15:01:00,2011-07-21 16:33:00,2,216,582.5600000000001,41,291.28000000000003,265,0
15381.0,2011-03-16 13:44:00,2011-05-10 11:55:00,2,171,596.85,113,298.425,168,1
15382.0,2011-02-17 12:01:00,2011-06-08 11:57:00,4,1628,2127.12,84,531.78,195,0
15384.0,2010-12-15 11:34:00,2011-06-23 10:57:00,2,596,642.41,69,321.205,259,1
15386.0,2011-06-06 13:47:00,2011-06-06 13:47:00,1,446,394.14,86,394.14,86,1
15388.0,2011-03-14 13:53:00,2011-03-14 13:53:00,1,88,140.54,170,140.54,170,1
15389.0,2011-06-20 16:18:00,2011-06-20 16:18:00,1,400,500.0,72,500.0,72,1
15392.0,2010-12-14 15:50:00,2010-12-14 15:50:00,1,402,338.98,260,338.98,260,0
15393.0,2011-03-03 16:58:00,2011-03-03 16:58:00,1,94,124.10000000000001,181,124.10000000000001,181,0
15394.0,2010-12-16 12:46:00,2011-05-19 14:27:00,2,546,1436.44,104,718.22,258,0
15395.0,2011-01-18 12:40:00,2011-01-18 12:40:00,1,17,107.45,225,107.45,225,1
15396.0,2011-08-19 10:56:00,2011-08-19 10:56:00,1,122,288.18,12,288.18,12,1
15397.0,2011-02-23 09:25:00,2011-02-23 09:25:00,1,20,94.0,189,94.0,189,1
15400.0,2011-03-06 11:27:00,2011-08-18 09:48:00,4,340,611.2,13,152.8,178,0
15402.0,2011-05-27 13:32:00,2011-07-14 12:17:00,2,694,626.77,48,313.385,96,1
15405.0,2011-06-03 14:44:00,2011-06-03 14:44:00,1,193,349.1,89,349.1,89,1
15406.0,2011-02-11 16:19:00,2011-02-11 16:20:00,1,130,252.29,201,252.29,201,0
15407.0,2011-02-07 13:18:00,2011-06-09 11:32:00,3,329,740.73,83,246.91,205,0
15408.0,2011-03-20 15:02:00,2011-03-20 15:02:00,1,106,267.18,164,267.18,164,1
15410.0,2011-03-23 10:15:00,2011-08-02 08:49:00,6,937,2702.67,29,450.445,161,0
15411.0,2011-06-10 12:30:00,2011-08-07 12:54:00,2,155,382.21,24,191.105,82,0
15412.0,2011-06-21 15:24:00,2011-06-21 15:24:00,1,108,190.53,71,190.53,71,1
15414.0,2011-04-11 13:45:00,2011-04-11 13:45:00,1,12,36.2,142,36.2,142,0
15415.0,2011-01-30 14:13:00,2011-01-30 14:13:00,1,551,559.61,213,559.61,213,1
15416.0,2011-03-02 08:41:00,2011-07-07 18:29:00,3,1698,3144.33,55,1048.11,182,0
15421.0,2011-02-02 14:36:00,2011-05-08 14:02:00,3,379,739.36,115,246.45333333333335,210,0
15422.0,2011-01-20 14:17:00,2011-01-20 16:17:00,2,38,97.7,223,48.85,223,1
15424.0,2011-03-30 13:00:00,2011-03-30 13:02:00,2,554,383.34,154,191.67,154,1
15426.0,2010-12-05 13:55:00,2011-03-27 16:05:00,2,255,634.13,157,317.065,269,0
15433.0,2011-03-17 14:12:00,2011-05-10 10:45:00,2,534,533.3,113,266.65,167,1
15434.0,2011-05-23 14:18:00,2011-08-24 16:24:00,3,479,587.28,7,195.76,100,0
15436.0,2011-04-19 16:52:00,2011-04-19 16:52:00,1,246,484.1,134,484.1,134,0
15437.0,2011-03-22 13:11:00,2011-03-22 13:11:00,1,79,200.16,162,200.16,162,1
15438.0,2011-07-31 14:19:00,2011-07-31 14:19:00,1,59,156.57999999999998,31,156.57999999999998,31,1
15440.0,2011-05-15 11:30:00,2011-07-26 14:27:00,2,125,237.66,36,118.83,108,0
15442.0,2011-04-05 12:24:00,2011-04-05 12:24:00,1,120,594.0,148,594.0,148,1
15443.0,2011-01-23 13:25:00,2011-08-22 12:52:00,2,347,684.8,9,342.4,220,0
15445.0,2011-03-20 15:06:00,2011-03-20 15:06:00,1,58,113.5,164,113.5,164,1
15447.0,2011-01-13 11:26:00,2011-01-13 11:26:00,1,85,155.17,230,155.17,230,1
15448.0,2011-01-31 10:42:00,2011-01-31 10:42:00,1,232,494.64,212,494.64,212,1
15449.0,2011-03-23 10:43:00,2011-06-07 16:42:00,2,516,647.7,85,323.85,161,0
15452.0,2011-03-20 15:21:00,2011-03-20 15:21:00,1,134,237.0,164,237.0,164,0
15453.0,2011-06-05 12:37:00,2011-07-31 13:07:00,3,261,479.36,31,159.78666666666666,87,0
15454.0,2010-12-12 14:21:00,2010-12-12 14:21:00,1,86,179.1,262,179.1,262,1
15456.0,2010-12-15 15:34:00,2011-03-01 13:51:00,3,633,434.59000000000003,183,144.86333333333334,259,1
15457.0,2011-03-22 15:31:00,2011-03-22 15:31:00,1,132,237.07,162,237.07,162,1
15460.0,2010-12-20 16:08:00,2010-12-20 16:08:00,1,107,214.26,254,214.26,254,1
15462.0,2011-06-05 15:36:00,2011-07-19 11:56:00,2,124,169.8,43,84.9,87,0
15464.0,2011-01-05 15:56:00,2011-01-05 15:56:00,1,348,1044.65,238,1044.65,238,1
15465.0,2010-12-05 10:12:00,2011-07-24 10:03:00,15,906,5992.129999999999,38,399.47533333333325,269,0
15467.0,2011-07-10 14:42:00,2011-07-17 15:24:00,2,235,402.56,45,201.28,52,0
15469.0,2011-08-11 16:54:00,2011-08-11 16:54:00,1,128,304.3,20,304.3,20,0
15472.0,2011-08-18 15:17:00,2011-08-18 15:17:00,1,251,371.56,13,371.56,13,1
15480.0,2011-08-15 14:32:00,2011-08-15 14:32:00,1,303,905.5,16,905.5,16,1
15482.0,2010-12-16 10:08:00,2011-06-27 10:29:00,4,675,1928.3,65,482.075,258,0
15483.0,2011-03-18 12:26:00,2011-07-01 13:07:00,4,291,225.26,61,56.315,166,1
15485.0,2010-12-01 13:23:00,2011-01-07 17:18:00,2,578,1268.13,236,634.065,273,0
15489.0,2011-05-12 12:54:00,2011-05-12 12:54:00,1,220,348.26,111,348.26,111,0
15491.0,2011-04-18 10:04:00,2011-08-31 10:30:00,5,1490,2800.9300000000003,0,560.186,135,0
15493.0,2011-03-14 11:44:00,2011-07-13 11:19:00,3,358,1286.95,49,428.98333333333335,170,0
15494.0,2011-08-10 15:29:00,2011-08-10 15:29:00,1,1071,1119.88,21,1119.88,21,0
15497.0,2011-01-24 10:01:00,2011-01-24 10:01:00,1,528,970.6,219,970.6,219,0
15498.0,2010-12-08 12:29:00,2011-08-11 08:39:00,19,4525,9126.37,20,480.33526315789476,266,0
15502.0,2010-12-05 15:40:00,2011-08-08 11:45:00,5,3761,5955.53,23,1191.106,269,0
15503.0,2010-12-12 10:57:00,2010-12-12 10:57:00,1,70,141.04,262,141.04,262,1
15505.0,2011-07-07 13:33:00,2011-08-18 10:57:00,3,964,2091.14,13,697.0466666666666,55,0
15506.0,2011-07-24 11:45:00,2011-07-24 11:45:00,1,144,208.77,38,208.77,38,0
15507.0,2011-06-21 11:19:00,2011-06-21 11:19:00,1,160,475.86,71,475.86,71,1
15508.0,2011-04-18 15:31:00,2011-06-03 15:43:00,6,440,1000.27,89,166.71166666666667,135,1
15510.0,2011-01-13 12:10:00,2011-01-13 12:10:00,1,2,250.0,230,250.0,230,1
15512.0,2010-12-15 12:01:00,2011-07-07 10:20:00,2,68,121.0,55,60.5,259,1
15513.0,2010-12-01 11:22:00,2011-08-25 14:34:00,15,3717,8928.87,6,595.258,273,0
15514.0,2010-12-10 13:50:00,2011-04-28 12:06:00,6,1184,2501.94,125,416.99,264,0
15517.0,2011-04-20 14:02:00,2011-04-20 14:02:00,1,293,267.03,133,267.03,133,1
15518.0,2011-01-11 12:55:00,2011-08-07 13:08:00,7,1117,1603.86,24,229.12285714285713,232,0
15521.0,2011-03-30 09:15:00,2011-07-14 16:12:00,5,1366,2116.98,48,423.396,154,0
15525.0,2010-12-01 13:17:00,2010-12-01 13:17:00,1,113,274.93,273,274.93,273,0
15527.0,2010-12-20 14:15:00,2011-07-18 11:42:00,5,509,1330.79,44,266.158,254,0
15528.0,2011-03-30 16:14:00,2011-03-30 16:14:00,1,123,229.33,154,229.33,154,1
15529.0,2010-12-08 12:24:00,2011-07-20 11:38:00,8,2025,2387.23,42,298.40375,266,0
15530.0,2011-04-07 11:16:00,2011-07-13 12:15:00,3,654,1163.69,49,387.8966666666667,146,0
15532.0,2010-12-16 16:45:00,2011-07-31 13:13:00,3,371,1214.49,31,404.83,258,0
15535.0,2011-01-16 12:35:00,2011-06-19 16:02:00,4,135,502.9,73,125.725,227,1
15537.0,2011-06-29 13:10:00,2011-06-29 13:10:00,1,29,110.92,63,110.92,63,1
15541.0,2011-08-17 14:58:00,2011-08-17 14:58:00,1,49,85.13000000000001,14,85.13000000000001,14,1
15543.0,2011-02-24 15:26:00,2011-02-24 15:26:00,1,86,127.86,188,127.86,188,1
15544.0,2010-12-02 12:47:00,2011-08-12 09:10:00,7,2212,2772.37,19,396.05285714285714,272,0
15545.0,2010-12-03 17:28:00,2010-12-03 17:28:00,1,75,135.32999999999998,271,135.32999999999998,271,0
15547.0,2010-12-12 13:26:00,2011-08-21 16:24:00,8,1841,2745.16,10,343.145,262,0
15549.0,2011-01-27 15:38:00,2011-07-05 12:47:00,2,656,1619.88,57,809.94,216,0
15550.0,2011-02-11 12:49:00,2011-08-25 15:18:00,3,252,433.28,6,144.42666666666665,201,0
15552.0,2011-05-06 14:47:00,2011-05-06 14:47:00,1,60,90.12,117,90.12,117,1
15554.0,2011-03-07 09:00:00,2011-03-07 09:00:00,1,74,217.2,177,217.2,177,1
15555.0,2010-12-05 14:45:00,2011-08-28 12:16:00,10,2428,2809.63,3,280.963,269,0
15561.0,2011-05-08 11:38:00,2011-07-13 11:20:00,3,95,449.66999999999996,49,149.89,115,0
15562.0,2010-12-23 09:55:00,2010-12-23 09:55:00,1,39,134.55,251,134.55,251,1
15563.0,2010-12-16 11:27:00,2011-05-23 11:44:00,2,742,735.62,100,367.81,258,0
15569.0,2011-01-11 13:26:00,2011-08-28 10:15:00,5,666,1375.71,3,275.142,232,1
15570.0,2010-12-05 12:57:00,2011-07-21 12:29:00,9,1135,2809.98,41,312.22,269,0
15572.0,2011-03-06 14:44:00,2011-08-22 10:44:00,4,687,1552.79,9,388.1975,178,0
15574.0,2010-12-02 15:46:00,2011-06-15 12:01:00,4,332,675.64,77,168.91,272,1
15577.0,2011-02-07 13:32:00,2011-07-11 17:03:00,3,89,258.88,51,86.29333333333334,205,1
15578.0,2011-06-30 13:03:00,2011-06-30 13:03:00,1,52,127.1,62,127.1,62,1
15579.0,2011-01-30 12:09:00,2011-01-30 12:09:00,1,55,195.35,213,195.35,213,0
15581.0,2010-12-08 14:38:00,2011-08-11 09:38:00,13,283,3675.77,20,282.7515384615385,266,1
15582.0,2011-05-03 13:36:00,2011-08-31 14:52:00,2,407,541.51,0,270.755,120,0
15584.0,2011-06-30 16:39:00,2011-06-30 16:39:00,1,48,150.4,62,150.4,62,0
15585.0,2011-06-16 08:38:00,2011-06-16 08:38:00,1,320,455.3,76,455.3,76,1
15587.0,2010-12-23 09:59:00,2011-07-20 11:00:00,2,156,456.84,42,228.42,251,0
15589.0,2011-02-02 10:46:00,2011-03-29 09:54:00,3,243,478.53000000000003,155,159.51000000000002,210,1
15594.0,2011-04-19 10:08:00,2011-04-19 10:08:00,1,145,267.91,134,267.91,134,0
15596.0,2010-12-09 16:10:00,2011-08-31 10:55:00,5,561,1406.59,0,281.318,265,1
15599.0,2011-05-19 13:05:00,2011-05-19 13:05:00,1,361,448.83,104,448.83,104,0
15601.0,2010-12-02 10:39:00,2011-08-09 09:26:00,11,4003,5585.46,22,507.7690909090909,272,0
15602.0,2010-12-06 15:35:00,2011-05-23 12:35:00,5,345,542.95,100,108.59,268,0
15605.0,2010-12-01 13:38:00,2011-04-01 13:47:00,3,266,690.1800000000001,152,230.06000000000003,273,0
15606.0,2011-01-19 12:07:00,2011-08-12 15:00:00,8,762,2439.38,19,304.9225,224,0
15607.0,2011-01-07 12:44:00,2011-01-07 12:44:00,1,202,104.76,236,104.76,236,1
15608.0,2011-08-11 09:56:00,2011-08-11 09:56:00,1,230,285.68,20,285.68,20,0
15609.0,2011-06-08 13:00:00,2011-06-08 13:00:00,1,148,298.48,84,298.48,84,1
15611.0,2011-01-09 11:32:00,2011-08-28 10:40:00,8,257,947.1400000000001,3,118.39250000000001,234,0
15615.0,2010-12-15 16:21:00,2011-08-26 12:41:00,19,3837,7367.85,5,387.7815789473684,259,0
15618.0,2011-07-26 10:13:00,2011-07-26 10:13:00,1,100,222.831,36,222.831,36,0
15620.0,2010-12-16 14:34:00,2011-05-03 11:22:00,2,600,875.01,120,437.505,258,0
15622.0,2011-03-02 13:42:00,2011-05-26 14:09:00,5,1225,2602.0,97,520.4,182,0
15623.0,2011-07-21 17:26:00,2011-07-21 17:26:00,1,125,301.03,41,301.03,41,1
15624.0,2011-03-28 13:32:00,2011-08-15 11:38:00,4,357,588.13,16,147.0325,156,1
15625.0,2011-04-18 14:01:00,2011-08-28 10:21:00,4,1188,1534.26,3,383.565,135,1
15626.0,2011-01-14 10:10:00,2011-01-14 10:10:00,1,312,281.88,229,281.88,229,0
15628.0,2010-12-08 09:51:00,2011-08-03 12:06:00,4,861,1313.55,28,328.3875,266,0
15630.0,2011-05-19 10:16:00,2011-05-19 10:16:00,1,280,396.86,104,396.86,104,0
15632.0,2011-03-10 08:29:00,2011-08-10 10:57:00,6,1304,2351.84,21,391.97333333333336,174,0
15636.0,2011-03-02 14:50:00,2011-03-02 14:50:00,1,82,306.7,182,306.7,182,0
15639.0,2011-07-28 14:30:00,2011-07-28 14:30:00,1,323,425.32,34,425.32,34,1
15640.0,2010-12-02 15:40:00,2011-08-10 10:45:00,11,4861,8836.74,21,803.34,272,0
15641.0,2010-12-15 14:45:00,2011-08-26 14:04:00,4,1562,1887.2,5,471.8,259,1
15643.0,2011-03-02 14:34:00,2011-06-01 07:38:00,3,246,664.0,91,221.33333333333334,182,1
15644.0,2011-03-23 15:37:00,2011-06-26 14:54:00,4,550,803.54,66,200.885,161,1
15646.0,2010-12-02 16:59:00,2011-07-05 09:53:00,3,394,447.64000000000004,57,149.21333333333334,272,1
15648.0,2011-03-17 18:59:00,2011-05-19 15:53:00,2,218,639.5,104,319.75,167,1
15649.0,2010-12-07 10:06:00,2011-01-07 13:34:00,2,192,816.0,236,408.0,267,1
15651.0,2011-03-24 08:56:00,2011-03-24 08:56:00,1,238,227.32,160,227.32,160,0
15653.0,2011-08-16 09:50:00,2011-08-16 09:50:00,1,48,48.0,15,48.0,15,0
15655.0,2011-04-10 15:25:00,2011-04-10 15:25:00,1,324,560.67,143,560.67,143,1
15656.0,2011-02-28 15:32:00,2011-06-14 13:48:00,3,202,563.63,78,187.87666666666667,184,0
15658.0,2010-12-02 10:53:00,2011-06-02 15:22:00,5,242,1024.1000000000001,90,204.82000000000002,272,1
15660.0,2010-12-09 09:49:00,2011-07-27 09:14:00,6,578,884.34,35,147.39000000000001,265,0
15661.0,2011-01-05 12:32:00,2011-01-26 13:56:00,2,236,309.8,217,154.9,238,1
15663.0,2011-08-25 15:50:00,2011-08-25 15:50:00,1,106,138.14,6,138.14,6,1
15665.0,2011-04-10 15:09:00,2011-06-24 14:57:00,2,1654,2222.21,68,1111.105,143,1
15668.0,2011-05-06 10:39:00,2011-05-06 10:39:00,1,72,76.32000000000001,117,76.32000000000001,117,1
15669.0,2011-03-21 09:13:00,2011-08-28 11:19:00,3,262,565.54,3,188.51333333333332,163,0
15670.0,2011-02-16 10:50:00,2011-02-16 10:50:00,1,91,173.05,196,173.05,196,1
15671.0,2011-03-14 09:37:00,2011-08-05 16:37:00,4,801,1334.49,26,333.6225,170,0
15673.0,2011-01-16 16:25:00,2011-07-06 10:15:00,3,1031,2014.7,56,671.5666666666667,227,0
15674.0,2011-03-30 09:19:00,2011-05-10 10:39:00,4,626,1379.66,113,344.915,154,0
15675.0,2011-03-04 14:21:00,2011-07-07 19:14:00,2,485,225.39,55,112.695,180,0
15676.0,2011-03-01 10:19:00,2011-03-01 10:19:00,1,555,897.8,183,897.8,183,0
15679.0,2011-06-10 08:24:00,2011-07-08 13:31:00,2,398,260.26,54,130.13,82,0
15680.0,2010-12-08 14:43:00,2010-12-08 14:43:00,1,331,478.89,266,478.89,266,0
15681.0,2011-03-04 13:46:00,2011-06-09 16:34:00,3,450,703.22,83,234.40666666666667,180,0
15683.0,2011-08-14 12:56:00,2011-08-14 12:56:00,1,131,193.75,17,193.75,17,1
15687.0,2011-01-13 15:13:00,2011-06-06 09:13:00,5,657,1679.45,86,335.89,230,0
15689.0,2010-12-13 09:57:00,2011-08-12 09:37:00,2,84,254.1,19,127.05,261,1
15690.0,2011-08-31 11:40:00,2011-08-31 11:40:00,1,204,111.0,0,111.0,0,0
15691.0,2011-04-01 15:13:00,2011-04-01 15:13:00,1,72,136.8,152,136.8,152,1
15694.0,2010-12-02 07:49:00,2011-06-16 16:06:00,9,739,3305.78,76,367.30888888888893,272,0
15695.0,2011-03-18 08:31:00,2011-03-18 08:32:00,2,212,409.98,166,204.99,166,1
15696.0,2011-01-17 11:24:00,2011-05-03 11:34:00,6,717,1629.95,120,271.65833333333336,226,0
15700.0,2011-06-19 15:36:00,2011-06-20 16:53:00,2,357,696.68,72,348.34,73,1
15701.0,2011-08-21 12:36:00,2011-08-21 12:36:00,1,472,853.9,10,853.9,10,0
15703.0,2011-03-20 10:51:00,2011-03-20 10:51:00,1,66,211.5,164,211.5,164,1
15704.0,2011-05-08 12:42:00,2011-07-22 13:35:00,4,1028,2293.62,40,573.405,115,1
15705.0,2011-05-22 15:37:00,2011-05-22 15:37:00,1,62,143.1,101,143.1,101,1
15706.0,2011-08-15 14:32:00,2011-08-15 14:32:00,1,160,450.05,16,450.05,16,0
15708.0,2010-12-05 11:12:00,2011-07-24 12:20:00,6,989,2589.34,38,431.5566666666667,269,0
15709.0,2011-03-01 10:38:00,2011-03-01 10:38:00,1,121,133.25,183,133.25,183,1
15712.0,2011-02-25 11:32:00,2011-08-22 11:44:00,3,371,766.3100000000001,9,255.4366666666667,187,0
15713.0,2010-12-08 15:16:00,2011-07-19 13:34:00,2,150,356.7,43,178.35,266,1
15716.0,2010-12-05 12:26:00,2011-07-17 11:59:00,4,738,1101.1100000000001,45,275.27750000000003,269,1
15717.0,2011-04-19 13:21:00,2011-04-19 13:21:00,1,70,150.3,134,150.3,134,1
15719.0,2011-01-06 12:31:00,2011-08-05 12:27:00,10,1922,3546.8,26,354.68,237,0
15722.0,2011-02-22 12:24:00,2011-08-23 11:30:00,3,590,1413.45,8,471.15000000000003,190,0
15723.0,2010-12-10 11:12:00,2010-12-10 11:12:00,1,73,190.7,264,190.7,264,1
15724.0,2011-02-28 10:40:00,2011-05-22 14:40:00,2,73,218.25,101,109.125,184,1
15727.0,2010-12-15 15:47:00,2011-08-24 14:54:00,6,2625,4589.39,7,764.8983333333334,259,0
15729.0,2011-05-11 12:36:00,2011-05-11 12:36:00,1,28,85.0,112,85.0,112,1
15730.0,2011-05-17 12:43:00,2011-05-17 12:43:00,1,314,467.43,106,467.43,106,0
15732.0,2010-12-02 15:00:00,2011-05-11 14:24:00,2,215,294.12,112,147.06,272,1
15733.0,2011-03-02 09:05:00,2011-03-02 09:05:00,1,62,162.3,182,162.3,182,1
15734.0,2011-05-23 14:59:00,2011-08-17 10:50:00,2,346,1339.45,14,669.725,100,1
15737.0,2011-04-11 10:01:00,2011-07-15 12:33:00,5,443,880.9300000000001,47,176.186,142,0
15738.0,2010-12-02 12:50:00,2011-08-22 09:51:00,12,2177,3558.4100000000003,9,296.5341666666667,272,0
15743.0,2011-06-08 10:14:00,2011-08-18 12:43:00,2,119,434.05,13,217.025,84,0
15745.0,2011-04-17 13:04:00,2011-04-17 13:04:00,1,127,302.85,136,302.85,136,0
15746.0,2011-07-28 15:21:00,2011-07-28 15:21:00,1,178,196.88,34,196.88,34,1
15747.0,2011-06-20 11:30:00,2011-08-11 14:04:00,2,281,525.37,20,262.685,72,0
15749.0,2011-01-11 12:55:00,2011-04-18 13:20:00,3,18028,44534.3,135,14844.766666666668,232,1
15750.0,2010-12-08 10:36:00,2011-06-22 12:16:00,4,1053,1108.18,70,277.045,266,0
15752.0,2010-12-02 09:43:00,2011-08-16 10:36:00,5,1317,1612.85,15,322.57,272,0
15753.0,2011-02-08 12:41:00,2011-02-08 12:41:00,1,144,79.2,204,79.2,204,1
15754.0,2011-04-07 12:24:00,2011-04-07 12:24:00,1,36,91.8,146,91.8,146,0
15755.0,2011-02-18 11:53:00,2011-08-23 15:20:00,3,624,1144.83,8,381.60999999999996,194,0
15756.0,2011-04-04 14:00:00,2011-07-10 11:19:00,3,166,359.89,52,119.96333333333332,149,0
15757.0,2011-05-06 11:40:00,2011-05-06 11:40:00,1,167,261.36,117,261.36,117,0
15759.0,2010-12-16 15:29:00,2011-05-05 15:13:00,3,60,253.04,118,84.34666666666666,258,1
15764.0,2011-03-08 09:23:00,2011-08-24 15:09:00,5,2048,3276.62,7,655.324,176,0
15768.0,2011-04-28 09:20:00,2011-08-16 10:48:00,3,244,621.8299999999999,15,207.27666666666664,125,1
15769.0,2010-12-03 15:16:00,2011-08-30 11:37:00,19,22140,41863.72,1,2203.3536842105264,271,0
15775.0,2011-04-08 12:56:00,2011-04-08 12:56:00,1,68,104.9,145,104.9,145,1
15776.0,2011-07-29 13:46:00,2011-07-29 13:46:00,1,138,241.62,33,241.62,33,1
15777.0,2010-12-13 16:38:00,2011-04-12 16:43:00,4,378,1047.11,141,261.7775,261,1
15780.0,2010-12-17 11:43:00,2011-06-09 12:01:00,3,220,475.28000000000003,83,158.42666666666668,257,1
15781.0,2011-02-07 09:15:00,2011-07-25 12:25:00,2,66,211.3,37,105.65,205,0
15785.0,2011-02-17 14:17:00,2011-07-05 10:08:00,4,1011,1665.83,57,416.4575,195,0
15786.0,2011-08-17 13:33:00,2011-08-17 13:33:00,1,2286,3147.64,14,3147.64,14,0
15789.0,2010-12-16 14:35:00,2010-12-16 14:35:00,1,438,351.3,258,351.3,258,1
15791.0,2011-05-19 15:15:00,2011-05-19 15:15:00,1,558,1223.24,104,1223.24,104,0
15793.0,2011-03-16 10:45:00,2011-03-16 10:45:00,1,192,306.64,168,306.64,168,0
15795.0,2011-07-13 10:43:00,2011-07-13 10:43:00,1,581,610.01,49,610.01,49,1
15796.0,2011-02-10 15:40:00,2011-08-22 14:35:00,5,528,1572.77,9,314.554,202,0
15797.0,2011-01-24 15:47:00,2011-08-18 17:04:00,4,873,2207.4,13,551.85,219,1
15799.0,2011-01-09 15:13:00,2011-06-07 15:28:00,2,539,481.24,85,240.62,234,0
15800.0,2011-04-07 12:39:00,2011-08-24 14:23:00,2,332,696.89,7,348.445,146,1
15801.0,2011-08-22 09:53:00,2011-08-22 09:53:00,1,70,137.22,9,137.22,9,0
15802.0,2011-07-20 11:38:00,2011-07-20 11:38:00,1,1,451.42,42,451.42,42,1
15804.0,2011-05-25 10:12:00,2011-08-23 09:57:00,4,1101,2076.91,8,519.2275,98,0
15805.0,2010-12-10 09:33:00,2011-08-25 14:50:00,11,2273,3548.5,6,322.59090909090907,264,0
15806.0,2011-03-08 09:24:00,2011-07-05 12:15:00,2,413,521.88,57,260.94,176,0
15808.0,2010-12-05 13:05:00,2011-02-06 14:33:00,4,1305,3651.27,206,912.8175,269,1
15809.0,2011-02-10 11:16:00,2011-06-08 15:31:00,4,251,399.21,84,99.8025,202,0
15810.0,2011-02-16 09:11:00,2011-06-22 14:01:00,3,856,1361.19,70,453.73,196,0
15811.0,2010-12-09 15:29:00,2011-08-26 09:37:00,5,760,1773.8,5,354.76,265,0
15812.0,2011-01-26 12:12:00,2011-08-24 14:19:00,5,922,1801.14,7,360.228,217,1
15813.0,2011-04-14 09:09:00,2011-05-16 08:13:00,2,603,1303.9099999999999,107,651.9549999999999,139,1
15815.0,2011-03-25 08:43:00,2011-07-22 12:20:00,4,1514,1874.7,40,468.675,159,0
15819.0,2011-03-08 09:45:00,2011-07-31 15:22:00,3,1139,1585.47,31,528.49,176,0
15820.0,2011-01-24 12:00:00,2011-01-24 12:00:00,1,128,206.98,219,206.98,219,1
15822.0,2010-12-15 13:38:00,2010-12-15 13:38:00,1,160,440.2,259,440.2,259,0
15823.0,2010-12-02 15:08:00,2010-12-02 15:08:00,1,1,15.0,272,15.0,272,1
15825.0,2011-06-20 13:27:00,2011-06-20 13:27:00,1,220,532.94,72,532.94,72,1
15826.0,2011-05-13 10:44:00,2011-05-13 10:44:00,1,488,720.0,110,720.0,110,0
15827.0,2010-12-02 13:06:00,2011-08-17 15:05:00,13,749,1598.16,14,122.93538461538462,272,0
15829.0,2011-07-22 10:23:00,2011-07-22 10:23:00,1,420,325.44,40,325.44,40,0
15831.0,2011-01-19 14:52:00,2011-08-07 13:54:00,2,687,451.11,24,225.555,224,0
15832.0,2011-03-30 15:29:00,2011-03-30 15:29:00,1,465,836.79,154,836.79,154,1
15834.0,2011-03-07 17:52:00,2011-06-27 10:16:00,3,677,1783.22,65,594.4066666666666,177,0
15835.0,2011-01-13 10:35:00,2011-07-25 12:50:00,3,333,675.51,37,225.17,230,0
15838.0,2010-12-07 11:26:00,2011-08-23 12:18:00,12,7998,14153.5,8,1179.4583333333333,267,0
15839.0,2011-07-14 16:35:00,2011-07-14 16:35:00,1,234,299.18,48,299.18,48,0
15840.0,2011-06-20 11:42:00,2011-06-20 11:42:00,1,256,241.74,72,241.74,72,0
15841.0,2011-01-05 11:25:00,2011-05-05 14:37:00,2,366,613.26,118,306.63,238,0
15843.0,2011-02-09 10:19:00,2011-02-09 10:19:00,1,27,118.95000000000002,203,118.95000000000002,203,1
15845.0,2011-01-06 17:19:00,2011-07-18 10:05:00,5,1378,2526.76,44,505.35200000000003,237,0
15847.0,2011-02-24 16:46:00,2011-02-24 16:46:00,1,348,180.68,188,180.68,188,0
15850.0,2011-06-24 14:16:00,2011-06-24 14:16:00,1,239,116.16,68,116.16,68,0
15852.0,2011-05-26 13:26:00,2011-06-06 11:22:00,2,48,160.71,86,80.355,97,1
15854.0,2010-12-13 11:47:00,2011-07-22 13:17:00,9,744,2393.69,40,265.96555555555557,261,0
15855.0,2011-03-21 12:32:00,2011-07-26 10:20:00,5,470,712.24,36,142.448,163,1
15856.0,2010-12-09 13:34:00,2011-08-31 17:16:00,15,6705,9939.48,0,662.632,265,0
15858.0,2010-12-07 14:31:00,2011-02-23 13:21:00,2,725,816.22,189,408.11,267,0
15860.0,2010-12-06 11:38:00,2011-08-07 13:43:00,5,273,654.28,24,130.856,268,0
15861.0,2011-03-17 20:12:00,2011-07-28 11:29:00,3,870,1123.76,34,374.58666666666664,167,0
15862.0,2010-12-01 11:21:00,2011-08-19 16:34:00,3,499,659.73,12,219.91,273,0
15863.0,2011-05-31 11:36:00,2011-05-31 11:36:00,1,2,9.2,92,9.2,92,0
15864.0,2011-01-27 16:43:00,2011-06-15 15:35:00,2,206,414.26,77,207.13,216,0
15865.0,2011-05-10 11:44:00,2011-05-10 11:44:00,1,178,313.93,113,313.93,113,0
15866.0,2011-08-30 14:09:00,2011-08-30 14:09:00,1,124,211.89,1,211.89,1,1
15867.0,2010-12-05 14:17:00,2011-08-18 16:24:00,12,1485,2947.41,13,245.61749999999998,269,0
15869.0,2011-03-07 17:19:00,2011-03-07 17:23:00,2,175,149.64,177,74.82,177,1
15874.0,2011-02-28 13:28:00,2011-06-15 11:01:00,6,1065,2207.75,77,367.9583333333333,184,0
15880.0,2010-12-05 13:00:00,2010-12-05 13:00:00,1,202,329.03000000000003,269,329.03000000000003,269,1
15881.0,2010-12-10 13:32:00,2011-01-31 16:59:00,5,260,501.39000000000004,212,100.278,264,1
15882.0,2010-12-06 13:01:00,2011-05-25 11:35:00,4,276,516.36,98,129.09,268,1
15885.0,2011-02-03 15:28:00,2011-02-03 15:28:00,1,1,15.0,209,15.0,209,0
15889.0,2010-12-05 15:12:00,2011-07-06 11:10:00,2,206,420.07,56,210.035,269,1
15891.0,2011-04-27 12:35:00,2011-04-27 12:35:00,1,418,511.68,126,511.68,126,1
15894.0,2010-12-05 14:06:00,2011-03-31 13:50:00,2,164,258.25,153,129.125,269,1
15895.0,2011-07-13 10:27:00,2011-07-13 10:27:00,1,94,179.17,49,179.17,49,1
15897.0,2011-05-29 13:32:00,2011-05-29 13:50:00,2,223,208.59,94,104.295,94,1
15898.0,2010-12-06 11:01:00,2011-04-27 10:03:00,4,421,997.94,126,249.485,268,0
15899.0,2010-12-06 10:36:00,2010-12-06 10:36:00,1,39,56.25,268,56.25,268,1
15901.0,2011-07-08 12:18:00,2011-07-08 12:18:00,1,209,110.49,54,110.49,54,0
15903.0,2011-02-17 14:04:00,2011-04-26 11:51:00,2,676,641.6400000000001,127,320.82000000000005,195,0
15906.0,2011-03-29 13:28:00,2011-07-18 11:37:00,4,242,797.71,44,199.4275,155,0
15907.0,2011-05-13 13:01:00,2011-06-16 12:45:00,2,237,477.59000000000003,76,238.79500000000002,110,0
15909.0,2011-06-19 10:38:00,2011-06-19 10:38:00,1,98,191.94,73,191.94,73,1
15910.0,2011-01-27 11:55:00,2011-05-16 16:36:00,4,431,550.61,107,137.6525,216,0
15912.0,2011-04-20 17:10:00,2011-06-14 14:29:00,2,185,264.62,78,132.31,133,1
15916.0,2010-12-08 13:07:00,2011-06-01 11:52:00,5,393,846.95,91,169.39000000000001,266,0
15917.0,2011-04-06 10:40:00,2011-04-06 10:40:00,1,42,123.1,147,123.1,147,1
15918.0,2011-03-13 15:55:00,2011-06-02 11:42:00,2,153,334.23,90,167.115,171,1
15919.0,2010-12-06 11:26:00,2010-12-06 11:26:00,1,175,214.07999999999998,268,214.07999999999998,268,0
15920.0,2011-07-08 15:16:00,2011-07-08 15:31:00,4,99,167.5,54,41.875,54,1
15921.0,2011-06-20 11:03:00,2011-06-20 11:03:00,1,162,323.03000000000003,72,323.03000000000003,72,1
15922.0,2010-12-01 13:51:00,2010-12-01 13:51:00,1,138,369.5,273,369.5,273,1
15923.0,2010-12-02 12:16:00,2010-12-02 12:16:00,1,122,127.08,272,127.08,272,1
15925.0,2011-05-29 15:35:00,2011-05-29 15:35:00,1,93,207.15,94,207.15,94,1
15932.0,2011-02-23 14:50:00,2011-08-24 12:00:00,6,1509,1885.95,7,314.325,189,0
15935.0,2011-04-12 09:35:00,2011-04-14 13:27:00,2,115,416.86,139,208.43,141,1
15938.0,2011-01-20 10:11:00,2011-08-19 12:56:00,5,240,404.58,12,80.916,223,1
15939.0,2011-01-12 12:43:00,2011-08-24 14:46:00,14,4572,5860.25,7,418.5892857142857,231,0
15940.0,2011-02-01 16:18:00,2011-02-01 16:18:00,1,4,35.8,211,35.8,211,1
15942.0,2011-07-29 09:01:00,2011-07-29 09:01:00,1,232,337.44,33,337.44,33,1
15944.0,2011-03-08 10:33:00,2011-03-08 10:33:00,1,50,325.1,176,325.1,176,1
15945.0,2010-12-09 13:14:00,2010-12-09 13:14:00,1,52,181.0,265,181.0,265,1
15950.0,2010-12-15 11:56:00,2011-08-25 14:13:00,2,445,1091.38,6,545.69,259,0
15951.0,2011-02-27 11:57:00,2011-02-27 11:57:00,1,174,375.16999999999996,185,375.16999999999996,185,0
15952.0,2011-04-28 12:55:00,2011-07-03 13:33:00,2,140,309.2,59,154.6,125,0
15953.0,2010-12-05 15:15:00,2011-05-12 11:44:00,4,450,824.04,111,206.01,269,0
15955.0,2010-12-02 11:22:00,2011-08-25 11:36:00,8,1103,2463.65,6,307.95625,272,0
15965.0,2010-12-07 13:18:00,2010-12-07 13:18:00,1,74,156.19,267,156.19,267,0
15967.0,2011-01-25 11:57:00,2011-01-25 11:57:00,1,60,161.9,218,161.9,218,0
15969.0,2011-06-07 12:19:00,2011-06-07 12:19:00,1,44,308.7,85,308.7,85,0
15970.0,2011-02-09 12:08:00,2011-02-09 12:08:00,1,116,314.1,203,314.1,203,1
15971.0,2011-02-01 16:47:00,2011-08-23 09:53:00,7,912,2109.45,8,301.34999999999997,211,0
15973.0,2010-12-08 11:42:00,2010-12-08 11:42:00,1,106,307.82000000000005,266,307.82000000000005,266,1
15974.0,2011-02-24 10:10:00,2011-07-29 10:21:00,5,1526,2547.13,33,509.42600000000004,188,0
15976.0,2011-05-03 17:12:00,2011-06-27 13:00:00,2,275,427.64,65,213.82,120,1
15980.0,2011-03-30 15:05:00,2011-03-30 15:05:00,1,592,760.18,154,760.18,154,0
15981.0,2011-02-01 13:50:00,2011-07-25 10:47:00,6,1296,2458.2,37,409.7,211,0
15983.0,2010-12-01 12:15:00,2010-12-14 12:30:00,3,694,1138.37,260,379.45666666666665,273,0
15984.0,2010-12-06 13:21:00,2011-08-31 12:11:00,7,943,1807.51,0,258.2157142857143,268,0
15985.0,2011-04-17 11:04:00,2011-08-08 16:31:00,2,1086,1142.42,23,571.21,136,1
15987.0,2010-12-06 08:34:00,2011-08-11 09:45:00,6,1365,1193.63,20,198.93833333333336,268,0
15990.0,2011-02-25 15:35:00,2011-02-25 15:35:00,1,171,401.37,187,401.37,187,0
15996.0,2010-12-08 15:59:00,2011-08-15 13:09:00,5,336,879.76,16,175.952,266,0
15998.0,2010-12-12 13:32:00,2011-06-21 10:48:00,3,1370,2105.26,71,701.7533333333334,262,0
16003.0,2010-12-15 12:09:00,2011-07-28 11:20:00,3,595,1793.9,34,597.9666666666667,259,0
16005.0,2011-03-14 11:46:00,2011-06-10 12:01:00,2,117,275.41,82,137.705,170,0
16006.0,2011-05-12 13:12:00,2011-05-12 13:12:00,1,84,101.4,111,101.4,111,1
16007.0,2011-05-08 13:32:00,2011-06-12 12:01:00,2,581,727.67,80,363.835,115,0
16008.0,2011-05-19 10:54:00,2011-05-19 10:54:00,1,75,139.15,104,139.15,104,0
16009.0,2011-07-03 11:26:00,2011-07-03 11:26:00,1,196,441.59000000000003,59,441.59000000000003,59,0
16010.0,2010-12-12 12:18:00,2011-04-08 10:14:00,3,202,392.4,145,130.79999999999998,262,1
16011.0,2010-12-08 16:34:00,2011-08-12 14:12:00,10,1128,1715.53,19,171.553,266,0
16012.0,2011-07-07 18:02:00,2011-08-03 11:44:00,2,551,1132.12,28,566.06,55,0
16013.0,2010-12-03 13:09:00,2011-08-22 13:20:00,34,8250,21587.739999999998,9,634.9335294117647,271,0
16014.0,2011-02-21 17:42:00,2011-07-10 16:29:00,2,222,514.38,52,257.19,191,0
16016.0,2010-12-08 12:36:00,2011-05-27 13:53:00,4,300,791.07,96,197.7675,266,0
16018.0,2011-06-12 13:52:00,2011-06-12 13:52:00,1,44,161.9,80,161.9,80,0
16019.0,2010-12-10 12:29:00,2011-07-26 14:03:00,7,1193,2952.25,36,421.75,264,0
16022.0,2011-03-24 13:16:00,2011-03-24 13:16:00,1,255,602.63,160,602.63,160,1
16023.0,2011-03-18 13:32:00,2011-05-31 14:19:00,2,227,500.69,92,250.345,166,0
16027.0,2011-02-10 12:19:00,2011-07-25 13:16:00,5,859,776.22,37,155.244,202,0
16029.0,2010-12-01 09:57:00,2011-08-24 13:33:00,46,24407,52213.24,7,1135.0704347826086,273,0
16030.0,2011-02-03 11:28:00,2011-02-03 11:28:00,1,283,331.24,209,331.24,209,1
16031.0,2011-04-06 14:23:00,2011-04-06 14:23:00,1,219,305.63,147,305.63,147,0
16033.0,2010-12-05 10:36:00,2011-08-23 14:19:00,16,2149,5864.55,8,366.534375,269,0
16034.0,2011-01-11 11:54:00,2011-05-27 16:17:00,3,242,437.7,96,145.9,232,1
16036.0,2011-03-21 13:01:00,2011-03-21 13:01:00,1,127,188.73,163,188.73,163,0
16037.0,2010-12-16 10:18:00,2011-03-15 09:13:00,3,428,855.02,169,285.00666666666666,258,1
16038.0,2011-05-22 11:29:00,2011-06-15 13:50:00,2,229,393.33,77,196.665,101,0
16040.0,2011-03-16 09:58:00,2011-07-14 16:12:00,2,509,876.1800000000001,48,438.09000000000003,168,0
16041.0,2011-07-21 16:27:00,2011-07-21 16:28:00,2,1044,2739.8,41,1369.9,41,0
16042.0,2011-01-11 13:25:00,2011-08-24 12:04:00,2,260,440.48,7,220.24,232,0
16043.0,2011-01-26 11:14:00,2011-05-12 13:43:00,3,342,676.49,111,225.49666666666667,217,0
16045.0,2011-02-22 14:55:00,2011-08-12 12:41:00,4,897,1340.7,19,335.175,190,1
16048.0,2010-12-01 15:27:00,2010-12-01 15:28:00,2,144,256.44,273,128.22,273,1
16050.0,2011-06-19 11:44:00,2011-06-19 11:44:00,1,278,137.9,73,137.9,73,1
16053.0,2011-08-09 14:57:00,2011-08-09 14:57:00,1,1003,1124.19,22,1124.19,22,0
16054.0,2011-07-17 13:08:00,2011-07-17 13:08:00,1,380,783.9,45,783.9,45,1
16055.0,2011-05-03 09:26:00,2011-05-03 09:26:00,1,22,134.8,120,134.8,120,1
16057.0,2011-02-28 10:35:00,2011-05-12 13:10:00,3,377,1059.54,111,353.18,184,0
16059.0,2010-12-07 10:36:00,2011-06-29 10:50:00,4,390,944.6,63,236.15,267,0
16062.0,2010-12-10 12:00:00,2011-07-29 12:50:00,3,650,778.14,33,259.38,264,0
16063.0,2011-03-24 14:55:00,2011-03-24 14:56:00,1,262,335.32,160,335.32,160,1
16065.0,2010-12-09 13:03:00,2010-12-09 13:03:00,1,228,367.14,265,367.14,265,1
16066.0,2011-08-07 14:33:00,2011-08-07 14:33:00,1,186,316.38,24,316.38,24,0
16072.0,2011-02-24 14:32:00,2011-02-24 14:32:00,1,140,584.3199999999999,188,584.3199999999999,188,1
16073.0,2011-02-15 15:41:00,2011-02-15 15:41:00,1,48,122.39999999999999,197,122.39999999999999,197,1
16076.0,2011-05-15 12:31:00,2011-08-11 14:39:00,3,710,887.8000000000001,20,295.93333333333334,108,0
16078.0,2011-03-01 09:47:00,2011-03-01 09:47:00,1,16,79.2,183,79.2,183,1
16080.0,2011-03-10 14:44:00,2011-03-10 14:44:00,1,66,130.26,174,130.26,174,0
16081.0,2010-12-08 11:16:00,2011-06-07 13:31:00,3,476,992.37,85,330.79,266,0
16083.0,2010-12-14 11:51:00,2011-08-31 10:47:00,2,908,1317.62,0,658.81,260,1
16084.0,2011-02-13 16:05:00,2011-02-13 16:05:00,1,216,436.18,199,436.18,199,1
16085.0,2011-01-23 12:07:00,2011-04-17 12:25:00,2,224,325.04,136,162.52,220,0
16086.0,2010-12-07 13:45:00,2011-05-23 15:29:00,3,248,587.0600000000001,100,195.6866666666667,267,0
16091.0,2011-05-25 09:18:00,2011-07-08 08:45:00,2,154,315.06,54,157.53,98,1
16092.0,2011-03-30 15:38:00,2011-08-17 10:46:00,3,628,817.86,14,272.62,154,1
16093.0,2011-08-25 11:09:00,2011-08-25 11:09:00,1,20,17.0,6,17.0,6,1
16094.0,2011-05-04 13:57:00,2011-05-04 13:57:00,1,164,252.1,119,252.1,119,0
16096.0,2011-03-20 13:38:00,2011-03-20 13:38:00,1,155,320.62,164,320.62,164,1
16097.0,2011-04-13 13:47:00,2011-04-13 13:47:00,1,87,185.04999999999998,140,185.04999999999998,140,1
16098.0,2010-12-01 09:45:00,2011-08-03 17:05:00,6,501,1712.49,28,285.415,273,0
16099.0,2011-04-28 08:34:00,2011-07-25 10:28:00,2,362,592.1,37,296.05,125,0
16102.0,2011-08-03 12:50:00,2011-08-03 12:50:00,1,464,839.76,28,839.76,28,0
16103.0,2011-04-20 12:28:00,2011-07-05 10:54:00,4,388,1156.4,57,289.1,133,0
16105.0,2011-04-05 10:13:00,2011-04-05 10:13:00,1,330,336.96,148,336.96,148,1
16107.0,2011-06-09 18:42:00,2011-08-28 14:53:00,3,500,1494.1200000000001,3,498.04,83,0
16109.0,2011-02-04 12:37:00,2011-05-05 09:17:00,2,612,611.88,118,305.94,208,1
16110.0,2011-02-01 14:01:00,2011-03-22 13:54:00,2,342,678.18,162,339.09,211,0
16112.0,2011-01-05 11:47:00,2011-07-19 14:28:00,4,574,195.73999999999998,43,48.934999999999995,238,1
16113.0,2011-06-09 16:16:00,2011-06-09 16:16:00,1,176,161.38,83,161.38,83,1
16114.0,2011-06-22 10:13:00,2011-06-22 10:13:00,1,43,135.75000000000003,70,135.75000000000003,70,1
16115.0,2011-02-20 12:14:00,2011-08-14 12:55:00,5,592,924.59,17,184.918,192,0
16116.0,2011-05-12 12:01:00,2011-05-12 12:01:00,1,248,612.78,111,612.78,111,1
16117.0,2011-06-03 11:42:00,2011-06-03 11:42:00,1,130,232.21,89,232.21,89,1
16121.0,2011-05-08 11:52:00,2011-05-08 11:52:00,1,139,285.94,115,285.94,115,0
16122.0,2010-12-08 11:41:00,2011-08-19 10:18:00,3,912,550.26,12,183.42,266,0
16124.0,2011-01-26 14:45:00,2011-01-26 14:45:00,1,48,249.0,217,249.0,217,1
16125.0,2010-12-07 15:48:00,2010-12-07 15:48:00,1,124,289.35,267,289.35,267,1
16126.0,2011-02-16 11:18:00,2011-08-30 10:07:00,3,1084,3706.7000000000003,1,1235.5666666666668,196,0
16128.0,2011-03-02 12:21:00,2011-07-19 12:19:00,2,366,694.7,43,347.35,182,0
16131.0,2011-04-14 08:32:00,2011-08-16 12:32:00,4,1244,2278.5,15,569.625,139,0
16133.0,2011-01-25 15:55:00,2011-08-30 13:47:00,23,6223,10619.27,1,461.7073913043478,218,0
16134.0,2010-12-15 14:00:00,2010-12-15 14:00:00,1,158,283.53000000000003,259,283.53000000000003,259,0
16135.0,2011-03-22 12:30:00,2011-03-22 12:30:00,1,209,517.55,162,517.55,162,1
16136.0,2011-03-07 09:52:00,2011-03-07 09:52:00,1,66,159.3,177,159.3,177,0
16139.0,2011-05-17 10:23:00,2011-08-19 14:49:00,2,155,306.37,12,153.185,106,0
16140.0,2010-12-03 14:40:00,2010-12-03 14:40:00,1,104,124.14,271,124.14,271,0
16142.0,2011-04-04 10:16:00,2011-04-04 10:16:00,1,422,535.34,149,535.34,149,1
16143.0,2010-12-05 15:18:00,2011-08-23 16:01:00,5,715,1949.3600000000001,8,389.872,269,0
16144.0,2011-04-07 10:09:00,2011-04-07 10:09:00,1,16,175.2,146,175.2,146,1
16145.0,2010-12-15 09:09:00,2011-08-08 09:22:00,7,1913,2282.3,23,326.04285714285714,259,0
16146.0,2011-04-21 15:25:00,2011-07-05 14:20:00,3,427,734.13,57,244.71,132,1
16147.0,2011-07-29 09:57:00,2011-07-29 09:57:00,1,246,375.0,33,375.0,33,1
16148.0,2011-02-16 14:01:00,2011-02-16 14:01:00,1,72,76.32000000000001,196,76.32000000000001,196,1
16149.0,2011-07-20 14:54:00,2011-07-20 14:54:00,1,168,163.68,42,163.68,42,0
16150.0,2010-12-02 18:27:00,2011-08-03 09:07:00,3,774,1408.7,28,469.56666666666666,272,0
16152.0,2011-03-16 09:47:00,2011-03-16 09:47:00,1,642,1829.04,168,1829.04,168,1
16153.0,2010-12-20 09:22:00,2011-08-16 09:34:00,4,530,1023.54,15,255.885,254,0
16156.0,2011-02-02 12:02:00,2011-07-11 10:24:00,5,654,1415.17,51,283.034,210,0
16159.0,2011-03-03 12:27:00,2011-03-03 12:27:00,1,236,348.2,181,348.2,181,1
16161.0,2010-12-06 10:03:00,2011-07-22 15:02:00,12,1475,3036.66,40,253.05499999999998,268,0
16162.0,2011-04-01 15:03:00,2011-04-01 15:03:00,1,4,37.4,152,37.4,152,1
16163.0,2010-12-09 16:28:00,2011-04-21 15:15:00,2,192,856.6,132,428.3,265,1
16168.0,2010-12-05 11:38:00,2011-08-28 12:11:00,16,1224,2361.2,3,147.575,269,0
16170.0,2011-04-05 13:42:00,2011-08-19 10:06:00,5,1483,1560.6599999999999,12,312.13199999999995,148,0
16172.0,2011-04-12 12:02:00,2011-08-01 15:37:00,3,531,800.35,30,266.78333333333336,141,0
16174.0,2011-07-11 09:23:00,2011-08-05 13:26:00,3,651,1009.5500000000001,26,336.5166666666667,51,1
16175.0,2011-04-13 14:38:00,2011-06-23 18:59:00,3,369,736.89,69,245.63,140,0
16178.0,2011-07-24 16:05:00,2011-07-24 16:05:00,1,94,197.9,38,197.9,38,1
16180.0,2011-04-01 10:23:00,2011-08-31 16:28:00,8,5867,10254.18,0,1281.7725,152,1
16182.0,2011-02-18 10:11:00,2011-08-01 16:41:00,3,2800,4844.0,30,1614.6666666666667,194,0
16184.0,2011-05-12 13:33:00,2011-08-26 09:55:00,5,470,985.8000000000001,5,197.16000000000003,111,0
16185.0,2011-04-21 11:59:00,2011-04-21 11:59:00,1,153,335.0,132,335.0,132,0
16186.0,2010-12-02 14:40:00,2011-08-28 12:57:00,9,2242,2696.53,3,299.6144444444445,272,0
16187.0,2011-02-28 13:34:00,2011-08-18 10:31:00,10,3381,4601.32,13,460.13199999999995,184,0
16188.0,2011-04-11 09:44:00,2011-07-21 16:20:00,3,645,755.03,41,251.67666666666665,142,0
16191.0,2010-12-14 12:38:00,2011-03-22 08:54:00,8,1612,2615.68,162,326.96,260,0
16193.0,2011-04-17 11:45:00,2011-04-17 11:45:00,1,219,314.45,136,314.45,136,1
16200.0,2011-06-28 15:47:00,2011-06-28 15:47:00,1,231,550.57,64,550.57,64,0
16201.0,2011-08-22 10:47:00,2011-08-22 10:47:00,1,208,303.8,9,303.8,9,0
16202.0,2010-12-14 10:43:00,2010-12-14 10:43:00,1,191,365.27,260,365.27,260,1
16203.0,2010-12-02 15:39:00,2011-07-15 12:45:00,3,158,378.3,47,126.10000000000001,272,0
16205.0,2011-06-13 11:33:00,2011-06-13 11:33:00,1,64,112.35,79,112.35,79,0
16206.0,2011-01-16 11:07:00,2011-08-07 10:45:00,3,203,409.86,24,136.62,227,0
16208.0,2011-02-23 13:37:00,2011-02-23 13:37:00,1,243,497.59,189,497.59,189,0
16209.0,2011-04-07 12:23:00,2011-08-12 14:25:00,4,1103,2116.9,19,529.225,146,0
16210.0,2010-12-01 12:27:00,2011-08-15 14:44:00,10,4261,10904.08,16,1090.408,273,0
16212.0,2011-03-01 12:51:00,2011-03-01 12:51:00,1,151,498.15000000000003,183,498.15000000000003,183,0
16214.0,2011-03-15 13:23:00,2011-06-22 11:30:00,3,420,1062.75,70,354.25,169,1
16216.0,2011-03-17 15:34:00,2011-03-17 15:34:00,1,254,914.9300000000001,167,914.9300000000001,167,1
16217.0,2011-03-02 15:28:00,2011-04-18 13:31:00,2,91,304.25,135,152.125,182,1
16218.0,2010-12-01 11:29:00,2011-08-17 09:16:00,6,1752,2635.48,14,439.24666666666667,273,0
16221.0,2010-12-07 13:13:00,2011-03-09 10:51:00,2,267,315.37,175,157.685,267,0
16222.0,2011-01-25 13:38:00,2011-01-25 13:38:00,1,325,773.5500000000001,218,773.5500000000001,218,1
16224.0,2011-04-04 12:00:00,2011-07-21 19:17:00,3,798,865.88,41,288.62666666666667,149,0
16225.0,2011-03-07 12:17:00,2011-07-13 12:18:00,4,451,953.64,49,238.41,177,0
16226.0,2011-04-18 12:58:00,2011-05-20 14:41:00,3,192,255.12,103,85.04,135,1
16227.0,2011-04-28 13:33:00,2011-04-28 13:33:00,1,90,314.22,125,314.22,125,1
16229.0,2011-05-11 10:18:00,2011-05-11 10:18:00,1,92,358.2,112,358.2,112,0
16230.0,2011-05-03 15:12:00,2011-06-03 10:06:00,2,365,542.03,89,271.015,120,1
16232.0,2011-05-08 14:05:00,2011-07-19 13:01:00,3,438,725.04,43,241.67999999999998,115,0
16233.0,2010-12-08 12:51:00,2011-01-14 10:31:00,2,90,326.5,229,163.25,266,0
16235.0,2011-01-11 15:42:00,2011-06-06 11:26:00,3,251,665.29,86,221.76333333333332,232,0
16239.0,2011-06-03 09:30:00,2011-06-03 09:30:00,1,182,347.9,89,347.9,89,0
16241.0,2010-12-05 11:04:00,2011-08-17 11:14:00,8,838,1501.82,14,187.7275,269,0
16242.0,2011-03-07 17:04:00,2011-06-27 14:41:00,3,375,846.59,65,282.19666666666666,177,0
16244.0,2010-12-02 11:41:00,2011-05-12 10:18:00,2,855,1522.75,111,761.375,272,1
16245.0,2011-03-28 09:30:00,2011-08-10 09:34:00,2,430,769.7,21,384.85,156,0
16247.0,2011-06-22 14:23:00,2011-06-22 14:23:00,1,182,114.56,70,114.56,70,1
16249.0,2011-04-14 13:50:00,2011-08-19 11:47:00,4,762,1440.77,12,360.1925,139,0
16250.0,2010-12-01 09:59:00,2011-03-23 15:07:00,2,208,389.44,161,194.72,273,1
16253.0,2011-03-29 13:33:00,2011-03-29 13:33:00,1,1340,1700.4,155,1700.4,155,0
16255.0,2010-12-09 14:25:00,2011-07-31 12:02:00,6,1184,1797.75,31,299.625,265,0
16256.0,2011-03-18 12:18:00,2011-03-18 12:18:00,1,581,752.4300000000001,166,752.4300000000001,166,1
16257.0,2011-06-16 10:11:00,2011-06-16 10:11:00,1,2,46.95,76,46.95,76,1
16258.0,2011-05-04 14:33:00,2011-08-04 14:33:00,4,2345,3741.06,27,935.265,119,0
16261.0,2011-04-07 19:05:00,2011-08-18 18:51:00,2,194,409.99,13,204.995,146,0
16265.0,2010-12-10 10:21:00,2011-08-21 12:39:00,7,1871,4062.02,10,580.2885714285715,264,0
16266.0,2011-05-17 14:50:00,2011-08-16 12:00:00,6,353,761.12,15,126.85333333333334,106,0
16270.0,2010-12-21 14:26:00,2010-12-21 14:26:00,1,688,1141.24,253,1141.24,253,1
16271.0,2010-12-16 16:36:00,2011-08-05 17:43:00,3,672,868.4300000000001,26,289.4766666666667,258,0
16272.0,2011-08-15 10:53:00,2011-08-15 10:54:00,1,224,411.7,16,411.7,16,1
16274.0,2010-12-01 15:35:00,2010-12-01 15:35:00,1,153,351.75,273,351.75,273,1
16275.0,2011-05-27 12:41:00,2011-05-27 12:41:00,1,336,559.87,96,559.87,96,1
16276.0,2011-06-16 09:34:00,2011-06-16 09:34:00,1,420,810.6000000000001,76,810.6000000000001,76,1
16278.0,2011-08-31 17:12:00,2011-08-31 17:12:00,1,114,566.38,0,566.38,0,1
16279.0,2011-06-16 11:50:00,2011-06-16 11:50:00,1,156,359.08000000000004,76,359.08000000000004,76,0
16282.0,2011-01-04 11:42:00,2011-01-04 11:42:00,1,114,168.3,239,168.3,239,1
16283.0,2011-05-15 13:37:00,2011-08-11 12:00:00,3,441,586.35,20,195.45000000000002,108,0
16287.0,2011-06-23 09:08:00,2011-06-23 09:08:00,1,298,142.5,69,142.5,69,1
16292.0,2011-08-10 12:24:00,2011-08-10 12:24:00,1,191,302.25,21,302.25,21,1
16293.0,2010-12-07 15:02:00,2011-05-16 12:26:00,4,513,1129.74,107,282.435,267,0
16297.0,2011-03-16 08:29:00,2011-03-16 08:29:00,1,206,301.9,168,301.9,168,1
16298.0,2011-06-06 10:06:00,2011-06-06 10:06:00,1,50,114.3,86,114.3,86,0
16302.0,2011-08-05 09:44:00,2011-08-05 09:44:00,1,158,233.22,26,233.22,26,1
16303.0,2011-01-10 14:16:00,2011-08-16 11:04:00,2,2025,4036.33,15,2018.165,233,0
16305.0,2011-07-24 12:18:00,2011-07-24 12:18:00,1,256,361.21999999999997,38,361.21999999999997,38,1
16306.0,2010-12-07 15:18:00,2011-05-10 12:12:00,6,487,632.27,113,105.37833333333333,267,1
16308.0,2011-03-23 14:46:00,2011-08-24 10:52:00,3,5000,1600.0,7,533.3333333333334,161,0
16309.0,2011-04-13 11:46:00,2011-08-25 15:35:00,2,467,706.57,6,353.285,140,1
16315.0,2011-01-13 11:57:00,2011-01-13 11:57:00,1,75,226.37,230,226.37,230,1
16316.0,2010-12-16 14:26:00,2011-07-05 14:42:00,7,1185,2212.81,57,316.11571428571426,258,0
16317.0,2011-02-15 14:30:00,2011-08-12 12:46:00,3,890,1341.65,19,447.2166666666667,197,1
16319.0,2011-05-06 11:27:00,2011-05-06 11:27:00,1,72,404.40000000000003,117,404.40000000000003,117,1
16320.0,2011-05-10 15:31:00,2011-06-20 15:25:00,2,732,1038.46,72,519.23,113,1
16321.0,2011-01-20 12:11:00,2011-02-07 15:10:00,3,63,223.65,205,74.55,223,0
16323.0,2011-05-27 14:48:00,2011-05-27 14:48:00,1,50,207.50000000000003,96,207.50000000000003,96,1
16324.0,2011-06-15 14:26:00,2011-08-03 12:58:00,3,270,408.59000000000003,28,136.1966666666667,77,1
16325.0,2011-04-08 09:20:00,2011-07-07 13:44:00,2,120,416.02000000000004,55,208.01000000000002,145,0
16326.0,2011-01-09 12:01:00,2011-08-14 10:38:00,7,234,1215.52,17,173.6457142857143,234,0
16327.0,2010-12-05 12:43:00,2011-05-24 14:00:00,4,1618,2469.64,99,617.41,269,0
16330.0,2011-08-19 17:08:00,2011-08-19 17:10:00,2,23,48.96,12,24.48,12,0
16332.0,2011-02-07 14:16:00,2011-08-01 13:29:00,3,269,651.77,30,217.25666666666666,205,0
16333.0,2011-02-03 10:50:00,2011-08-08 11:56:00,17,23224,14369.2,23,845.2470588235294,209,0
16338.0,2011-07-05 13:56:00,2011-07-05 13:56:00,1,94,214.79999999999998,57,214.79999999999998,57,1
16339.0,2011-02-28 13:41:00,2011-02-28 13:41:00,1,21,94.05,184,94.05,184,1
16340.0,2011-08-24 14:53:00,2011-08-24 14:53:00,1,486,534.31,7,534.31,7,1
16341.0,2011-05-22 13:20:00,2011-05-22 13:20:00,1,534,797.65,101,797.65,101,0
16342.0,2011-06-13 10:10:00,2011-08-24 08:27:00,3,145,283.71,7,94.57,79,0
16344.0,2011-07-04 15:50:00,2011-07-04 15:50:00,1,18,101.10000000000001,58,101.10000000000001,58,1
16348.0,2011-04-13 15:49:00,2011-08-03 15:28:00,4,400,738.29,28,184.5725,140,0
16349.0,2011-02-22 12:40:00,2011-02-22 12:40:00,1,9,53.5,190,53.5,190,1
16350.0,2011-01-10 09:44:00,2011-01-10 09:44:00,1,196,376.7,233,376.7,233,0
16351.0,2011-01-11 10:26:00,2011-01-11 10:26:00,1,90,153.9,232,153.9,232,1
16353.0,2010-12-05 12:09:00,2011-08-28 13:42:00,13,1211,3325.9100000000003,3,255.8392307692308,269,0
16356.0,2011-03-07 12:31:00,2011-05-26 11:51:00,3,93,211.77,97,70.59,177,1
16357.0,2011-05-10 10:35:00,2011-06-30 16:51:00,2,55,257.95,62,128.975,113,0
16358.0,2011-06-08 15:05:00,2011-06-08 15:05:00,1,221,462.15000000000003,84,462.15000000000003,84,0
16359.0,2011-01-12 10:49:00,2011-06-16 18:19:00,6,796,1246.83,76,207.80499999999998,231,0
16364.0,2011-07-25 14:35:00,2011-07-25 14:35:00,1,114,346.3,37,346.3,37,0
16365.0,2010-12-07 17:19:00,2011-08-08 16:15:00,7,325,862.56,23,123.22285714285714,267,0
16367.0,2010-12-12 12:01:00,2010-12-12 12:01:00,1,87,167.09,262,167.09,262,0
16369.0,2011-05-27 09:39:00,2011-05-27 09:39:00,1,199,354.45,96,354.45,96,0
16370.0,2011-04-28 16:40:00,2011-08-14 12:56:00,3,519,944.49,17,314.83,125,0
16374.0,2011-03-22 13:46:00,2011-03-22 13:46:00,1,51,154.2,162,154.2,162,0
16377.0,2011-03-17 15:41:00,2011-03-17 15:41:00,1,1500,676.2,167,676.2,167,1
16378.0,2011-02-02 12:42:00,2011-04-06 15:07:00,3,267,362.95,147,120.98333333333333,210,1
16383.0,2011-03-16 13:00:00,2011-03-16 13:00:00,1,298,309.46,168,309.46,168,0
16384.0,2011-03-21 10:13:00,2011-03-21 10:13:00,1,200,409.1,163,409.1,163,0
16385.0,2010-12-08 12:56:00,2011-07-04 13:53:00,2,152,273.82,58,136.91,266,0
16386.0,2011-03-31 12:19:00,2011-03-31 12:19:00,1,26,61.10000000000001,153,61.10000000000001,153,0
16387.0,2011-01-21 11:34:00,2011-01-21 11:34:00,1,44,94.36,222,94.36,222,1
16389.0,2011-03-01 15:47:00,2011-05-18 13:55:00,2,307,670.17,105,335.085,183,0
16392.0,2011-03-15 12:11:00,2011-03-15 12:11:00,1,201,217.89,169,217.89,169,1
16393.0,2010-12-05 13:10:00,2011-07-20 11:54:00,8,898,1503.33,42,187.91625,269,0
16394.0,2011-02-23 10:58:00,2011-06-21 13:22:00,3,1404,933.1,71,311.03333333333336,189,0
16395.0,2011-01-13 12:10:00,2011-06-24 15:28:00,3,896,964.3,68,321.43333333333334,230,0
16398.0,2011-03-31 09:38:00,2011-07-08 15:16:00,2,758,1705.8,54,852.9,153,1
16399.0,2011-04-18 13:46:00,2011-04-18 13:46:00,1,159,178.41,135,178.41,135,0
16401.0,2011-01-16 10:56:00,2011-07-31 12:16:00,7,2320,2455.42,31,350.7742857142857,227,0
16402.0,2010-12-05 13:42:00,2011-03-20 12:25:00,2,146,293.45,164,146.725,269,1
16403.0,2011-01-31 13:39:00,2011-01-31 13:39:00,1,114,177.5,212,177.5,212,1
16405.0,2011-02-02 17:08:00,2011-02-10 15:24:00,2,187,167.25,202,83.625,210,1
16407.0,2011-01-31 14:02:00,2011-08-21 14:00:00,8,746,1482.37,10,185.29625,212,0
16409.0,2011-01-26 14:51:00,2011-07-12 14:57:00,3,675,1033.3700000000001,50,344.4566666666667,217,0
16411.0,2010-12-05 13:26:00,2010-12-05 13:26:00,1,69,128.55,269,128.55,269,0
16414.0,2011-03-04 13:27:00,2011-03-04 13:27:00,1,16,50.8,180,50.8,180,0
16418.0,2011-04-27 16:54:00,2011-04-27 16:54:00,1,87,145.91,126,145.91,126,0
16419.0,2011-02-01 12:25:00,2011-08-19 12:33:00,6,428,958.71,12,159.785,211,1
16422.0,2010-12-05 15:35:00,2011-08-24 09:30:00,38,27260,28566.72,7,751.7557894736842,269,0
16424.0,2011-06-01 13:40:00,2011-06-01 13:40:00,1,88,133.56,91,133.56,91,1
16425.0,2011-02-10 14:30:00,2011-02-10 14:30:00,1,199,302.7,202,302.7,202,1
16426.0,2011-03-08 15:45:00,2011-03-08 15:45:00,1,157,328.37,176,328.37,176,0
16427.0,2011-02-28 15:18:00,2011-03-21 17:10:00,2,156,241.06,163,120.53,184,1
16429.0,2011-08-25 13:54:00,2011-08-25 13:54:00,1,9,284.55,6,284.55,6,1
16431.0,2011-02-15 14:02:00,2011-05-10 14:09:00,3,442,623.28,113,207.76,197,1
16434.0,2011-02-13 12:17:00,2011-05-31 14:37:00,3,385,716.72,92,238.90666666666667,199,0
16440.0,2011-05-09 12:25:00,2011-05-09 12:25:00,1,115,272.46,114,272.46,114,0
16441.0,2011-02-21 17:35:00,2011-02-21 17:35:00,1,110,211.0,191,211.0,191,0
16442.0,2010-12-14 10:46:00,2011-04-26 11:51:00,2,352,432.43,127,216.215,260,0
16444.0,2011-03-20 12:14:00,2011-05-29 11:03:00,2,134,240.08,94,120.04,164,0
16446.0,2011-05-18 09:52:00,2011-05-18 09:52:00,1,2,2.9,105,2.9,105,0
16447.0,2011-07-27 12:45:00,2011-07-27 12:45:00,1,221,255.91,35,255.91,35,1
16448.0,2011-05-25 16:28:00,2011-05-25 16:28:00,1,76,182.99,98,182.99,98,1
16449.0,2011-03-04 12:15:00,2011-05-26 10:25:00,2,367,707.69,97,353.845,180,1
16450.0,2011-07-13 11:47:00,2011-07-13 11:47:00,1,200,311.92,49,311.92,49,1
16455.0,2010-12-03 16:44:00,2011-05-19 11:28:00,5,612,1133.78,104,226.756,271,0
16456.0,2010-12-01 14:11:00,2011-08-28 12:06:00,4,927,1700.58,3,425.145,273,0
16457.0,2011-05-05 13:19:00,2011-05-05 13:19:00,1,140,208.36,118,208.36,118,1
16458.0,2010-12-14 11:51:00,2011-08-25 15:47:00,11,1360,2151.5,6,195.5909090909091,260,0
16461.0,2011-06-15 12:07:00,2011-06-15 12:07:00,1,48,142.92,77,142.92,77,1
16462.0,2011-03-01 08:58:00,2011-06-07 11:07:00,2,8,68.0,85,34.0,183,0
16463.0,2011-05-19 14:45:00,2011-05-19 14:45:00,1,179,319.37,104,319.37,104,0
16464.0,2011-07-20 13:53:00,2011-07-20 13:53:00,1,310,380.33,42,380.33,42,0
16466.0,2011-02-20 11:39:00,2011-08-28 13:08:00,5,529,999.63,3,199.926,192,0
16469.0,2011-04-07 13:11:00,2011-04-07 13:16:00,2,111,268.3,146,134.15,146,0
16470.0,2010-12-16 11:53:00,2011-08-16 11:40:00,3,358,539.13,15,179.71,258,0
16471.0,2011-03-10 09:41:00,2011-03-10 09:41:00,1,141,223.95000000000002,174,223.95000000000002,174,1
16473.0,2011-01-07 10:55:00,2011-06-28 09:10:00,3,196,316.11,64,105.37,236,1
16474.0,2011-07-17 14:51:00,2011-07-17 14:51:00,1,193,341.35,45,341.35,45,0
16475.0,2011-03-11 09:39:00,2011-07-19 11:08:00,3,318,459.3,43,153.1,173,0
16477.0,2010-12-03 12:48:00,2011-07-31 12:47:00,6,1099,1999.26,31,333.21,271,0
16483.0,2011-05-31 13:08:00,2011-05-31 13:08:00,1,44,139.35,92,139.35,92,1
16484.0,2011-06-02 10:39:00,2011-06-19 12:06:00,2,200,404.3,73,202.15,90,1
16488.0,2011-07-14 11:46:00,2011-08-17 09:05:00,2,619,354.57,14,177.285,48,0
16493.0,2011-01-14 08:16:00,2011-06-19 15:15:00,3,706,782.29,73,260.7633333333333,229,0
16494.0,2011-02-16 12:49:00,2011-02-16 12:49:00,1,675,826.53,196,826.53,196,1
16495.0,2011-03-08 16:38:00,2011-03-08 16:39:00,2,166,246.51,176,123.255,176,0
16496.0,2011-01-27 09:42:00,2011-05-16 10:48:00,2,784,1185.04,107,592.52,216,0
16497.0,2011-01-10 13:20:00,2011-05-20 13:58:00,5,789,1550.7,103,310.14,233,0
16498.0,2011-06-30 19:52:00,2011-07-01 15:07:00,2,45,100.97,61,50.485,62,1
16499.0,2010-12-10 10:27:00,2010-12-14 13:31:00,2,127,365.45,260,182.725,264,1
16500.0,2011-01-13 10:28:00,2011-01-13 10:28:00,1,1,165.0,230,165.0,230,0
16503.0,2010-12-14 13:50:00,2011-08-25 11:46:00,4,569,1431.93,6,357.9825,260,1
16509.0,2011-02-16 09:25:00,2011-02-16 09:25:00,1,64,363.7,196,363.7,196,1
16510.0,2010-12-02 13:39:00,2010-12-02 13:39:00,1,92,248.1,272,248.1,272,1
16511.0,2011-03-18 11:24:00,2011-07-18 10:49:00,2,267,565.7,44,282.85,166,0
16515.0,2011-02-01 13:09:00,2011-07-12 11:16:00,3,544,984.62,50,328.20666666666665,211,0
16517.0,2011-03-07 13:50:00,2011-03-07 13:50:00,1,96,162.7,177,162.7,177,1
16518.0,2011-02-28 16:36:00,2011-02-28 16:36:00,1,124,190.7,184,190.7,184,0
16519.0,2010-12-09 14:08:00,2010-12-09 14:08:00,1,24,103.7,265,103.7,265,0
16520.0,2010-12-09 13:08:00,2011-06-06 13:24:00,3,558,1046.57,86,348.8566666666666,265,1
16523.0,2011-01-28 12:06:00,2011-08-16 14:33:00,12,2123,4768.25,15,397.3541666666667,215,0
16525.0,2010-12-08 11:31:00,2011-08-14 11:31:00,20,5589,9998.55,17,499.92749999999995,266,0
16526.0,2011-06-21 12:02:00,2011-06-21 12:02:00,1,106,290.36,71,290.36,71,1
16529.0,2011-06-02 17:23:00,2011-06-02 17:23:00,1,198,455.25,90,455.25,90,1
16531.0,2010-12-14 13:19:00,2011-08-04 15:55:00,4,567,684.53,27,171.1325,260,0
16532.0,2011-01-05 12:37:00,2011-07-27 10:41:00,2,1536,4516.8,35,2258.4,238,0
16536.0,2011-08-21 15:54:00,2011-08-21 15:54:00,1,250,548.12,10,548.12,10,1
16539.0,2010-12-01 15:40:00,2011-05-04 09:52:00,3,421,1053.61,119,351.2033333333333,273,0
16545.0,2011-06-28 10:37:00,2011-06-28 10:37:00,1,78,339.3,64,339.3,64,1
16546.0,2010-12-02 12:07:00,2011-02-22 11:20:00,2,549,787.15,190,393.575,272,1
16549.0,2011-01-09 14:03:00,2011-08-07 15:43:00,2,513,780.36,24,390.18,234,0
16550.0,2010-12-06 13:53:00,2011-08-23 11:12:00,5,1540,2298.97,8,459.794,268,1
16551.0,2011-01-07 10:24:00,2011-08-01 12:28:00,2,597,617.17,30,308.585,236,0
16552.0,2010-12-01 12:36:00,2011-04-11 10:04:00,2,219,379.73,142,189.865,273,1
16553.0,2010-12-14 13:58:00,2011-06-29 15:42:00,12,4600,5719.82,63,476.65166666666664,260,1
16554.0,2011-01-12 12:41:00,2011-05-01 14:17:00,2,129,314.11,122,157.055,231,0
16555.0,2011-08-22 12:32:00,2011-08-22 12:32:00,1,90,151.98,9,151.98,9,0
16556.0,2010-12-14 13:32:00,2011-08-26 11:58:00,6,1342,2556.37,5,426.06166666666667,260,0
16557.0,2011-07-25 13:28:00,2011-07-25 13:28:00,1,13,101.15,37,101.15,37,0
16558.0,2010-12-08 12:01:00,2011-08-10 13:25:00,13,3008,4362.4,21,335.5692307692307,266,0
16560.0,2010-12-16 14:36:00,2010-12-16 14:36:00,1,169,332.18,258,332.18,258,0
16565.0,2010-12-10 15:21:00,2010-12-10 15:21:00,1,46,173.7,264,173.7,264,1
16566.0,2011-02-20 10:29:00,2011-06-22 14:24:00,3,216,463.88,70,154.62666666666667,192,0
16567.0,2011-01-07 09:31:00,2011-05-29 13:57:00,2,996,865.6,94,432.8,236,1
16570.0,2011-02-01 10:37:00,2011-08-04 14:06:00,6,1427,2134.07,27,355.67833333333334,211,0
16571.0,2011-03-03 09:41:00,2011-06-16 13:14:00,2,891,896.79,76,448.395,181,0
16572.0,2011-03-09 12:04:00,2011-08-04 16:34:00,3,532,1009.6,27,336.53333333333336,175,1
16573.0,2011-02-22 15:14:00,2011-02-22 15:14:00,1,111,292.63,190,292.63,190,0
16581.0,2011-06-10 10:05:00,2011-06-10 10:05:00,1,134,105.84,82,105.84,82,1
16582.0,2011-08-18 17:02:00,2011-08-18 17:02:00,1,164,313.62,13,313.62,13,1
16583.0,2010-12-01 12:03:00,2010-12-01 12:03:00,1,111,233.45,273,233.45,273,1
16584.0,2011-03-30 13:14:00,2011-03-30 13:14:00,1,488,611.94,154,611.94,154,0
16586.0,2011-04-05 09:32:00,2011-04-05 09:32:00,1,95,463.95,148,463.95,148,1
16587.0,2011-04-21 15:51:00,2011-04-21 15:51:00,1,71,225.15,132,225.15,132,1
16589.0,2011-07-01 13:31:00,2011-08-25 10:00:00,2,156,214.68,6,107.34,61,0
16592.0,2011-02-25 10:19:00,2011-07-26 11:39:00,10,1785,2214.33,36,221.433,187,0
16593.0,2011-01-16 12:11:00,2011-06-03 12:17:00,2,85,255.5,89,127.75,227,0
16596.0,2010-12-08 16:18:00,2010-12-08 16:18:00,1,47,120.65,266,120.65,266,0
16598.0,2011-02-27 11:42:00,2011-02-27 11:42:00,1,73,145.04999999999998,185,145.04999999999998,185,1
16600.0,2011-01-05 12:13:00,2011-03-31 19:20:00,2,368,237.46,153,118.73,238,0
16607.0,2010-12-16 08:41:00,2011-08-03 15:02:00,10,2070,2267.58,28,226.75799999999998,258,0
16609.0,2011-04-01 10:11:00,2011-07-27 13:51:00,5,1245,2710.04,35,542.008,152,0
16610.0,2011-05-04 13:13:00,2011-05-04 13:13:00,1,66,75.66,119,75.66,119,1
16611.0,2011-06-06 15:46:00,2011-06-06 15:46:00,1,47,129.49,86,129.49,86,1
16612.0,2011-02-01 10:38:00,2011-08-12 14:32:00,3,394,870.3000000000001,19,290.1,211,0
16614.0,2011-06-10 11:36:00,2011-06-10 11:36:00,1,223,506.19,82,506.19,82,1
16616.0,2011-07-05 13:38:00,2011-07-05 13:38:00,1,110,210.10000000000002,57,210.10000000000002,57,0
16617.0,2011-04-18 10:35:00,2011-04-18 10:35:00,1,91,151.85,135,151.85,135,1
16618.0,2011-01-21 11:55:00,2011-05-13 10:37:00,4,771,1441.29,110,360.3225,222,0
16619.0,2011-03-21 08:18:00,2011-03-21 08:18:00,1,133,226.21,163,226.21,163,1
16620.0,2011-03-24 10:37:00,2011-03-24 10:37:00,1,48,95.75999999999999,160,95.75999999999999,160,0
16621.0,2011-03-07 11:32:00,2011-07-15 11:45:00,3,187,609.41,47,203.13666666666666,177,0
16623.0,2011-04-08 10:09:00,2011-04-08 10:09:00,1,39,129.45,145,129.45,145,1
16624.0,2011-05-26 14:20:00,2011-05-26 14:20:00,1,196,426.43,97,426.43,97,0
16625.0,2011-03-10 12:50:00,2011-03-10 12:50:00,1,164,333.08,174,333.08,174,1
16626.0,2011-03-18 12:27:00,2011-08-18 14:53:00,7,1108,2165.34,13,309.3342857142857,166,0
16628.0,2011-04-19 08:55:00,2011-08-25 12:11:00,4,844,1619.8400000000001,6,404.96000000000004,134,0
16633.0,2011-04-19 14:36:00,2011-08-17 14:11:00,3,463,1168.26,14,389.42,134,0
16634.0,2010-12-02 17:41:00,2011-05-01 12:09:00,2,82,217.9,122,108.95,272,1
16637.0,2011-04-28 10:20:00,2011-08-08 12:00:00,2,351,530.55,23,265.275,125,0
16638.0,2010-12-06 10:19:00,2011-08-25 11:31:00,8,1010,1429.71,6,178.71375,268,0
16639.0,2011-04-18 09:31:00,2011-05-17 10:10:00,2,159,471.15000000000003,106,235.57500000000002,135,0
16641.0,2011-08-26 12:49:00,2011-08-26 12:49:00,1,256,231.10000000000002,5,231.10000000000002,5,1
16642.0,2011-05-16 12:35:00,2011-05-16 12:35:00,1,131,307.73,107,307.73,107,0
16643.0,2011-04-08 08:24:00,2011-04-08 08:24:00,1,269,487.51,145,487.51,145,1
16644.0,2011-05-11 12:53:00,2011-06-15 12:39:00,2,826,833.78,77,416.89,112,1
16647.0,2011-05-19 09:31:00,2011-06-23 11:47:00,2,146,214.06,69,107.03,104,1
16652.0,2011-03-11 13:13:00,2011-08-22 11:00:00,5,2077,4525.87,9,905.174,173,0
16654.0,2010-12-06 15:09:00,2011-07-21 15:23:00,4,282,601.27,41,150.3175,268,1
16655.0,2011-01-12 10:16:00,2011-07-31 15:31:00,3,1033,1867.19,31,622.3966666666666,231,0
16656.0,2010-12-10 11:23:00,2011-08-11 15:05:00,10,6278,6257.0,20,625.7,264,0
16657.0,2011-03-30 12:02:00,2011-07-14 11:45:00,2,597,414.79,48,207.395,154,0
16658.0,2010-12-06 13:47:00,2010-12-06 13:47:00,1,40,123.24,268,123.24,268,1
16659.0,2011-06-03 15:03:00,2011-06-03 15:03:00,1,72,39.12,89,39.12,89,1
16660.0,2011-01-24 12:44:00,2011-05-13 10:44:00,2,228,384.36,110,192.18,219,0
16665.0,2010-12-12 14:03:00,2010-12-12 14:03:00,1,59,135.39999999999998,262,135.39999999999998,262,1
16667.0,2011-02-28 12:57:00,2011-02-28 12:57:00,1,77,200.4,184,200.4,184,0
16668.0,2011-02-28 12:46:00,2011-08-15 12:22:00,5,258,266.52,16,53.303999999999995,184,0
16670.0,2010-12-16 10:30:00,2011-08-25 17:22:00,8,2152,3239.9700000000003,6,404.99625000000003,258,0
16671.0,2011-06-28 11:20:00,2011-06-28 11:20:00,1,656,1382.88,64,1382.88,64,0
16672.0,2011-03-18 10:15:00,2011-08-19 14:43:00,16,2252,6303.74,12,393.98375,166,0
16676.0,2011-01-06 13:00:00,2011-05-10 15:10:00,3,412,1098.5,113,366.1666666666667,237,0
16678.0,2011-03-02 09:24:00,2011-08-12 16:07:00,7,1370,1830.34,19,261.47714285714284,182,0
16679.0,2010-12-08 13:51:00,2010-12-08 13:51:00,1,29,129.75,266,129.75,266,1
16681.0,2011-03-31 13:46:00,2011-07-18 10:21:00,4,1050,1332.68,44,333.17,153,0
16682.0,2011-06-05 11:02:00,2011-07-04 10:42:00,2,562,626.3,58,313.15,87,0
16684.0,2010-12-16 17:34:00,2011-07-29 15:12:00,18,24485,33883.5,33,1882.4166666666667,258,0
16686.0,2010-12-19 14:41:00,2011-08-28 12:31:00,5,1486,1998.65,3,399.73,255,0
16690.0,2011-05-22 10:53:00,2011-05-22 10:53:00,1,46,86.5,101,86.5,101,0
16692.0,2011-02-23 15:41:00,2011-03-28 14:46:00,2,152,1276.0,156,638.0,189,1
16693.0,2011-03-13 11:06:00,2011-03-13 11:06:00,1,50,153.41,171,153.41,171,0
16696.0,2011-04-05 15:20:00,2011-07-27 14:23:00,4,146,657.9000000000001,35,164.47500000000002,148,1
16697.0,2011-04-12 17:12:00,2011-04-12 17:12:00,1,27,112.75,141,112.75,141,1
16698.0,2011-03-31 13:33:00,2011-04-27 10:52:00,2,840,1998.0,126,999.0,153,1
16700.0,2010-12-08 16:34:00,2011-08-10 09:52:00,10,3240,4095.95,21,409.59499999999997,266,0
16701.0,2010-12-13 11:51:00,2011-08-02 12:11:00,10,4958,4050.42,29,405.04200000000003,261,0
16705.0,2010-12-16 10:51:00,2011-07-18 12:15:00,9,3489,8194.43,44,910.4922222222223,258,0
16706.0,2011-08-17 15:53:00,2011-08-17 15:53:00,1,165,291.53,14,291.53,14,0
16709.0,2011-03-03 10:55:00,2011-05-24 11:46:00,4,521,1984.5900000000001,99,496.14750000000004,181,0
16710.0,2010-12-06 13:13:00,2011-07-24 14:21:00,7,1385,1835.08,38,262.1542857142857,268,0
16711.0,2010-12-17 12:43:00,2011-07-22 14:23:00,3,253,909.87,40,303.29,257,0
16712.0,2011-03-08 15:07:00,2011-08-23 12:37:00,7,1001,2010.91,8,287.27285714285716,176,0
16713.0,2010-12-08 13:01:00,2011-08-16 12:12:00,11,2144,3970.77,15,360.9790909090909,266,0
16714.0,2011-01-26 13:40:00,2011-05-05 11:09:00,3,589,1129.06,118,376.3533333333333,217,1
16716.0,2011-02-01 15:35:00,2011-03-18 10:03:00,2,120,901.2,166,450.6,211,1
16717.0,2010-12-08 16:48:00,2011-06-30 11:49:00,3,516,1136.16,62,378.72,266,0
16718.0,2010-12-05 13:03:00,2010-12-05 13:03:00,1,407,606.0500000000001,269,606.0500000000001,269,1
16719.0,2010-12-06 12:06:00,2011-07-14 09:54:00,5,737,1283.88,48,256.776,268,0
16721.0,2011-03-22 16:08:00,2011-03-22 16:08:00,1,172,292.47,162,292.47,162,1
16722.0,2010-12-06 12:59:00,2011-08-25 12:33:00,9,3302,3234.5,6,359.3888888888889,268,0
16723.0,2011-08-24 11:31:00,2011-08-24 11:31:00,1,397,411.4,7,411.4,7,0
16725.0,2010-12-03 16:02:00,2011-02-10 16:52:00,7,288,758.27,202,108.32428571428571,271,1
16726.0,2010-12-13 13:28:00,2011-05-27 13:00:00,4,512,777.16,96,194.29,261,0
16727.0,2010-12-10 13:48:00,2010-12-10 13:48:00,1,167,256.32,264,256.32,264,1
16728.0,2011-03-20 13:28:00,2011-06-26 11:59:00,3,320,548.31,66,182.76999999999998,164,0
16729.0,2011-04-12 14:22:00,2011-08-17 12:24:00,16,3689,4996.29,14,312.268125,141,0
16730.0,2011-01-24 14:01:00,2011-04-19 12:41:00,2,750,480.94,134,240.47,219,0
16734.0,2011-08-17 15:00:00,2011-08-17 15:02:00,2,108,302.40999999999997,14,151.20499999999998,14,0
16735.0,2011-01-09 12:53:00,2011-04-14 12:12:00,2,648,1044.77,139,522.385,234,0
16738.0,2011-02-15 09:46:00,2011-02-15 09:46:00,1,3,3.75,197,3.75,197,1
16739.0,2011-06-16 09:17:00,2011-06-16 09:17:00,1,172,323.0,76,323.0,76,1
16743.0,2010-12-16 12:15:00,2011-08-18 18:15:00,6,1666,1860.9,13,310.15000000000003,258,0
16744.0,2011-06-19 15:13:00,2011-07-17 14:42:00,2,145,240.74,45,120.37,73,0
16745.0,2011-02-01 11:31:00,2011-08-12 16:10:00,15,5202,5897.33,19,393.1553333333333,211,0
16746.0,2010-12-16 11:43:00,2011-08-31 09:10:00,12,2575,4403.53,0,366.9608333333333,258,0
16748.0,2011-01-09 13:50:00,2011-05-06 11:26:00,3,492,910.2,117,303.40000000000003,234,0
16750.0,2011-04-21 16:53:00,2011-08-10 14:49:00,3,138,416.12,21,138.70666666666668,132,0
16752.0,2010-12-02 12:18:00,2010-12-02 12:18:00,1,54,207.5,272,207.5,272,1
16754.0,2010-12-02 17:38:00,2010-12-02 17:38:00,1,4280,2002.4,272,2002.4,272,1
16755.0,2011-01-28 10:47:00,2011-08-17 13:21:00,3,1058,1475.43,14,491.81,215,1
16756.0,2011-05-09 09:33:00,2011-05-09 09:33:00,1,106,239.4,114,239.4,114,1
16757.0,2011-01-25 11:59:00,2011-01-25 11:59:00,1,81,106.83000000000001,218,106.83000000000001,218,1
16762.0,2011-07-18 12:52:00,2011-07-18 12:52:00,1,143,314.15000000000003,44,314.15000000000003,44,0
16763.0,2011-05-25 11:52:00,2011-05-25 11:52:00,1,319,611.85,98,611.85,98,1
16764.0,2011-07-19 17:17:00,2011-08-05 12:37:00,3,252,522.0600000000001,26,174.02,43,0
16765.0,2011-02-18 15:41:00,2011-02-18 15:41:00,1,4,34.0,194,34.0,194,1
16766.0,2011-03-11 13:34:00,2011-03-11 15:22:00,2,536,1145.6,173,572.8,173,1
16767.0,2011-01-27 13:38:00,2011-08-18 12:41:00,6,3433,4229.32,13,704.8866666666667,216,0
16768.0,2011-03-13 10:25:00,2011-08-28 10:43:00,2,88,286.49,3,143.245,171,0
16769.0,2011-03-24 13:41:00,2011-03-24 13:41:00,1,80,361.54,160,361.54,160,1
16770.0,2010-12-02 15:49:00,2011-04-17 12:49:00,4,365,649.38,136,162.345,272,0
16771.0,2011-01-05 13:57:00,2011-03-09 13:56:00,3,1050,1651.75,175,550.5833333333334,238,0
16774.0,2011-06-14 12:45:00,2011-08-15 12:57:00,3,226,542.2,16,180.73333333333335,78,0
16775.0,2010-12-07 15:15:00,2011-08-09 15:12:00,8,283,1174.55,22,146.81875,267,0
16777.0,2011-03-27 14:34:00,2011-03-27 14:34:00,1,48,173.52,157,173.52,157,0
16778.0,2011-03-10 15:21:00,2011-03-10 15:21:00,1,66,93.18,174,93.18,174,0
16779.0,2010-12-08 09:56:00,2011-08-25 10:32:00,15,3590,6376.7300000000005,6,425.11533333333335,266,0
16780.0,2011-03-25 17:34:00,2011-08-31 16:09:00,2,270,422.24,0,211.12,159,1
16781.0,2010-12-02 14:26:00,2010-12-02 14:26:00,1,113,311.25,272,311.25,272,1
16782.0,2010-12-09 11:28:00,2011-07-24 15:23:00,9,501,1630.4,38,181.15555555555557,265,0
16788.0,2011-03-30 13:05:00,2011-08-08 14:53:00,2,304,594.39,23,297.195,154,1
16791.0,2011-01-11 15:42:00,2011-08-09 13:22:00,5,335,791.87,22,158.374,232,0
16792.0,2011-03-02 14:39:00,2011-03-02 14:41:00,2,44,110.38000000000001,182,55.190000000000005,182,1
16794.0,2011-06-12 14:15:00,2011-08-23 13:51:00,4,617,607.05,8,151.7625,80,0
16795.0,2010-12-09 14:08:00,2010-12-09 14:08:00,1,239,414.88,265,414.88,265,1
16801.0,2011-03-11 13:56:00,2011-06-29 15:33:00,4,493,1594.23,63,398.5575,173,1
16804.0,2011-03-14 15:48:00,2011-03-14 15:48:00,1,34,118.05,170,118.05,170,0
16805.0,2010-12-14 13:35:00,2011-06-19 11:23:00,2,539,460.59,73,230.295,260,1
16806.0,2011-04-14 19:59:00,2011-08-28 15:27:00,4,356,762.16,3,190.54,139,1
16807.0,2011-03-14 09:46:00,2011-07-20 12:00:00,3,778,1121.59,42,373.8633333333333,170,1
16808.0,2011-03-10 19:05:00,2011-03-10 19:05:00,1,116,166.5,174,166.5,174,0
16809.0,2011-03-22 15:20:00,2011-07-26 14:24:00,3,371,470.69,36,156.89666666666668,162,0
16810.0,2011-05-31 15:32:00,2011-05-31 15:32:00,1,114,309.54,92,309.54,92,1
16812.0,2010-12-14 12:35:00,2010-12-14 12:35:00,1,81,479.35,260,479.35,260,1
16813.0,2011-05-19 13:28:00,2011-08-18 13:44:00,6,1092,1029.36,13,171.55999999999997,104,0
16814.0,2010-12-05 11:45:00,2011-08-23 11:51:00,16,2129,5131.69,8,320.730625,269,0
16816.0,2010-12-16 17:01:00,2011-08-28 14:16:00,4,274,417.06,3,104.265,258,1
16817.0,2010-12-06 14:19:00,2011-06-07 10:05:00,7,574,1179.43,85,168.49,268,0
16818.0,2011-05-18 11:42:00,2011-08-25 15:49:00,8,1246,2102.4,6,262.8,105,0
16823.0,2011-04-26 15:00:00,2011-04-26 15:00:00,1,136,358.38,127,358.38,127,1
16824.0,2011-06-28 13:36:00,2011-06-28 13:36:00,1,134,222.9,64,222.9,64,0
16825.0,2011-06-07 09:44:00,2011-06-07 09:44:00,1,358,318.7,85,318.7,85,0
16828.0,2011-08-19 13:24:00,2011-08-19 13:24:00,1,58,113.5,12,113.5,12,0
16829.0,2011-07-06 10:48:00,2011-07-06 10:48:00,1,99,197.22,56,197.22,56,1
16832.0,2011-05-06 14:12:00,2011-06-08 15:36:00,3,33,199.15,84,66.38333333333334,117,1
16833.0,2011-01-09 13:02:00,2011-03-25 08:53:00,3,306,671.29,159,223.76333333333332,234,0
16834.0,2011-04-26 09:37:00,2011-04-26 09:37:00,1,358,413.46,127,413.46,127,1
16835.0,2010-12-01 17:15:00,2011-08-03 13:50:00,2,61,180.85,28,90.425,273,1
16836.0,2011-08-15 12:38:00,2011-08-15 12:38:00,1,84,91.32000000000001,16,91.32000000000001,16,0
16837.0,2011-04-08 08:48:00,2011-07-05 10:06:00,9,727,1911.74,57,212.41555555555556,145,0
16838.0,2011-02-24 15:01:00,2011-05-26 13:13:00,2,185,588.85,97,294.425,188,1
16839.0,2010-12-05 11:15:00,2011-08-22 10:42:00,22,5724,10869.28,9,494.0581818181818,269,0
16841.0,2011-02-25 12:40:00,2011-07-25 13:06:00,5,1878,1561.06,37,312.212,187,0
16842.0,2011-02-10 14:51:00,2011-08-31 10:42:00,3,693,1264.19,0,421.3966666666667,202,1
16843.0,2011-01-16 16:10:00,2011-07-28 14:03:00,11,6730,7371.6,34,670.1454545454545,227,0
16849.0,2011-06-06 09:16:00,2011-06-06 09:16:00,1,33,124.57,86,124.57,86,1
16850.0,2011-01-10 11:09:00,2011-01-10 11:09:00,1,249,332.41,233,332.41,233,1
16852.0,2011-06-16 15:49:00,2011-06-16 15:49:00,1,51,113.06,76,113.06,76,0
16858.0,2010-12-06 09:52:00,2010-12-06 09:52:00,1,91,375.69000000000005,268,375.69000000000005,268,1
16859.0,2011-03-23 13:39:00,2011-07-18 12:19:00,2,827,747.81,44,373.905,161,1
16861.0,2011-07-04 15:38:00,2011-07-04 15:38:00,1,24,70.80000000000001,58,70.80000000000001,58,0
16863.0,2010-12-08 08:58:00,2010-12-08 08:58:00,1,105,164.25,266,164.25,266,0
16866.0,2011-07-01 12:34:00,2011-07-22 10:06:00,3,60,207.73999999999998,40,69.24666666666666,61,1
16869.0,2011-06-17 13:01:00,2011-06-27 12:16:00,2,242,387.68,65,193.84,75,0
16871.0,2011-03-14 10:31:00,2011-05-13 11:44:00,4,861,2037.82,110,509.455,170,0
16872.0,2011-06-08 14:32:00,2011-08-26 15:38:00,2,454,464.68000000000006,5,232.34000000000003,84,0
16873.0,2010-12-10 15:45:00,2011-08-04 15:33:00,4,2055,3871.4700000000003,27,967.8675000000001,264,0
16875.0,2011-01-04 10:37:00,2011-07-18 11:41:00,4,488,1138.2,44,284.55,239,0
16877.0,2011-05-15 16:13:00,2011-07-10 16:18:00,2,104,188.98,52,94.49,108,0
16880.0,2011-06-03 16:45:00,2011-08-05 13:46:00,5,478,841.01,26,168.202,89,0
16882.0,2011-01-26 17:43:00,2011-04-14 14:36:00,2,102,215.70000000000002,139,107.85000000000001,217,0
16883.0,2010-12-03 10:33:00,2011-06-05 12:51:00,2,103,272.48,87,136.24,271,1
16885.0,2010-12-17 17:23:00,2010-12-17 17:23:00,1,35,177.95,257,177.95,257,0
16889.0,2011-01-07 10:47:00,2011-05-29 11:05:00,3,925,1578.67,94,526.2233333333334,236,1
16891.0,2010-12-03 11:35:00,2011-07-21 12:14:00,2,146,393.57,41,196.785,271,0
16892.0,2011-06-09 11:35:00,2011-06-09 11:35:00,1,77,102.97999999999999,83,102.97999999999999,83,0
16893.0,2010-12-08 12:06:00,2010-12-08 12:06:00,1,62,145.93,266,145.93,266,1
16897.0,2011-01-30 11:52:00,2011-02-13 15:02:00,2,73,289.78,199,144.89,213,1
16898.0,2010-12-06 12:23:00,2011-06-15 13:35:00,2,244,313.77,77,156.885,268,0
16899.0,2010-12-14 13:11:00,2011-07-13 11:33:00,3,225,510.18,49,170.06,260,0
16902.0,2011-08-15 14:17:00,2011-08-15 14:17:00,1,629,1706.88,16,1706.88,16,1
16904.0,2010-12-07 13:29:00,2011-08-23 11:41:00,13,1601,2933.55,8,225.65769230769232,267,0
16905.0,2010-12-03 10:43:00,2011-04-17 11:30:00,3,260,822.18,136,274.06,271,0
16906.0,2011-04-05 12:30:00,2011-06-06 09:04:00,3,183,392.99,86,130.99666666666667,148,0
16907.0,2010-12-09 16:52:00,2011-07-14 17:44:00,4,217,658.99,48,164.7475,265,0
16912.0,2011-01-20 15:42:00,2011-07-28 14:35:00,7,585,1538.58,34,219.79714285714286,223,0
16913.0,2011-02-22 12:56:00,2011-02-22 12:56:00,1,82,113.44,190,113.44,190,1
16915.0,2011-03-01 09:52:00,2011-08-04 13:03:00,4,59,382.39000000000004,27,95.59750000000001,183,0
16916.0,2010-12-02 13:14:00,2010-12-02 13:14:00,1,102,196.43,272,196.43,272,0
16917.0,2011-03-08 11:55:00,2011-03-08 11:55:00,1,232,391.52,176,391.52,176,1
16918.0,2011-01-26 17:37:00,2011-07-03 12:38:00,2,331,523.03,59,261.515,217,0
16919.0,2010-12-06 12:52:00,2011-07-06 13:35:00,11,1403,2592.25,56,235.6590909090909,268,1
16923.0,2010-12-12 11:06:00,2011-07-10 10:30:00,13,1937,4242.42,52,326.34000000000003,262,0
16926.0,2010-12-03 13:42:00,2010-12-03 13:42:00,1,35,230.25,271,230.25,271,1
16927.0,2010-12-13 11:57:00,2011-08-16 11:10:00,3,993,543.05,15,181.01666666666665,261,1
16928.0,2010-12-01 15:21:00,2011-08-30 15:37:00,14,1609,2171.35,1,155.09642857142856,273,0
16929.0,2011-07-07 12:39:00,2011-08-04 12:13:00,2,326,428.88,27,214.44,55,0
16931.0,2010-12-05 11:40:00,2011-08-28 14:28:00,14,1967,2897.33,3,206.95214285714286,269,0
16933.0,2011-04-14 13:33:00,2011-04-14 13:33:00,1,127,224.73,139,224.73,139,0
16938.0,2011-02-04 09:34:00,2011-06-13 11:24:00,3,2318,2386.05,79,795.35,208,0
16940.0,2011-02-23 12:27:00,2011-06-23 13:13:00,2,1236,1868.36,69,934.18,189,0
16942.0,2011-04-26 11:59:00,2011-07-26 12:57:00,7,593,1439.44,36,205.6342857142857,127,0
16943.0,2011-01-25 14:00:00,2011-05-12 11:57:00,3,145,816.73,111,272.24333333333334,218,1
16945.0,2010-12-16 17:49:00,2011-08-18 09:01:00,12,1787,2705.21,13,225.43416666666667,258,0
16947.0,2011-04-18 09:38:00,2011-04-18 09:38:00,1,312,406.48,135,406.48,135,1
16948.0,2011-01-18 10:58:00,2011-07-24 12:46:00,3,1614,435.02,38,145.00666666666666,225,1
16949.0,2011-01-27 12:11:00,2011-06-07 10:34:00,4,386,893.75,85,223.4375,216,0
16950.0,2010-12-07 15:20:00,2011-08-07 13:30:00,2,337,778.41,24,389.205,267,0
16951.0,2011-02-08 14:58:00,2011-07-28 12:05:00,3,1318,1277.75,34,425.9166666666667,204,1
16952.0,2011-08-22 12:58:00,2011-08-22 13:03:00,2,92,167.61,9,83.805,9,1
16954.0,2010-12-15 10:41:00,2011-08-07 10:55:00,4,744,1245.3799999999999,24,311.34499999999997,259,0
16955.0,2010-12-01 13:31:00,2011-06-08 10:36:00,4,266,518.67,84,129.6675,273,1
16957.0,2011-03-03 09:25:00,2011-04-14 13:56:00,2,172,416.64,139,208.32,181,1
16960.0,2011-04-01 11:54:00,2011-04-01 11:54:00,1,95,201.53,152,201.53,152,0
16961.0,2011-08-15 13:46:00,2011-08-15 13:46:00,1,125,234.17,16,234.17,16,1
16963.0,2011-06-05 13:48:00,2011-06-05 13:48:00,1,35,110.55000000000001,87,110.55000000000001,87,1
16965.0,2011-04-27 12:08:00,2011-04-27 12:08:00,1,291,201.19,126,201.19,126,1
16966.0,2011-04-13 14:17:00,2011-06-22 15:06:00,4,1320,1486.56,70,371.64,140,0
16967.0,2011-06-03 14:24:00,2011-06-03 14:24:00,1,333,319.02,89,319.02,89,1
16968.0,2011-08-24 10:51:00,2011-08-24 10:51:00,1,98,253.31,7,253.31,7,0
16969.0,2011-06-01 12:10:00,2011-07-28 13:54:00,2,740,478.96000000000004,34,239.48000000000002,91,0
16976.0,2011-03-17 16:33:00,2011-03-17 16:33:00,1,88,251.51999999999998,167,251.51999999999998,167,1
16979.0,2011-02-15 09:20:00,2011-07-15 08:59:00,2,135,555.65,47,277.825,197,0
16980.0,2011-02-21 12:58:00,2011-03-29 16:36:00,2,739,1028.46,155,514.23,191,1
16983.0,2010-12-05 12:34:00,2011-06-12 12:50:00,4,534,885.22,80,221.305,269,0
16984.0,2011-08-01 17:37:00,2011-08-01 17:37:00,1,1594,3213.19,30,3213.19,30,0
16985.0,2010-12-16 10:38:00,2011-07-05 09:33:00,7,1287,3578.54,57,511.21999999999997,258,0
16987.0,2011-05-18 15:55:00,2011-06-22 16:44:00,3,103,629.45,70,209.8166666666667,105,0
16989.0,2011-07-12 09:11:00,2011-07-12 09:11:00,1,1066,857.7,50,857.7,50,0
16990.0,2011-05-05 08:30:00,2011-05-05 08:30:00,1,100,179.0,118,179.0,118,1
16992.0,2011-02-28 10:37:00,2011-05-24 09:20:00,2,356,671.15,99,335.575,184,0
16996.0,2010-12-21 13:22:00,2011-08-10 14:34:00,5,390,1041.78,21,208.356,253,0
16997.0,2011-01-18 11:51:00,2011-02-24 17:28:00,3,360,702.0,188,234.0,225,1
16998.0,2011-02-08 15:42:00,2011-07-13 09:44:00,4,76,295.0,49,73.75,204,1
17001.0,2010-12-16 09:35:00,2011-08-18 15:09:00,7,1342,2471.09,13,353.0128571428572,258,0
17002.0,2011-02-22 11:46:00,2011-05-08 11:21:00,2,422,993.52,115,496.76,190,0
17007.0,2010-12-17 13:57:00,2011-07-07 18:14:00,5,346,575.44,55,115.08800000000001,257,0
17015.0,2011-06-07 13:19:00,2011-06-07 13:19:00,1,546,520.55,85,520.55,85,0
17017.0,2010-12-02 10:17:00,2011-06-30 14:48:00,14,4311,5431.28,62,387.9485714285714,272,0
17018.0,2011-01-18 08:46:00,2011-01-18 08:46:00,1,60,405.0,225,405.0,225,0
17019.0,2010-12-06 12:55:00,2011-03-23 11:16:00,3,658,995.93,161,331.97666666666663,268,0
17024.0,2011-07-05 09:31:00,2011-07-05 09:31:00,1,25,31.25,57,31.25,57,0
17025.0,2010-12-01 15:45:00,2010-12-01 15:46:00,2,139,160.97,273,80.485,273,0
17026.0,2010-12-05 12:47:00,2011-06-07 14:28:00,2,97,154.82999999999998,85,77.41499999999999,269,1
17027.0,2011-01-26 14:19:00,2011-06-13 13:44:00,4,284,645.23,79,161.3075,217,0
17029.0,2011-04-17 10:57:00,2011-08-21 11:06:00,2,400,716.0,10,358.0,136,1
17031.0,2011-07-08 09:38:00,2011-07-08 09:38:00,1,125,225.95,54,225.95,54,0
17033.0,2010-12-15 13:21:00,2011-05-09 16:01:00,2,190,608.1,114,304.05,259,0
17034.0,2011-02-25 10:10:00,2011-02-25 10:10:00,1,98,141.79999999999998,187,141.79999999999998,187,0
17035.0,2011-02-01 12:27:00,2011-04-08 11:23:00,2,229,433.53000000000003,145,216.76500000000001,211,1
17040.0,2011-07-25 10:19:00,2011-07-25 10:19:00,1,181,449.73,37,449.73,37,1
17041.0,2010-12-14 11:43:00,2011-08-23 09:53:00,2,539,750.89,8,375.445,260,0
17042.0,2011-04-06 14:53:00,2011-08-10 13:19:00,4,888,915.02,21,228.755,147,0
17043.0,2011-03-18 14:53:00,2011-06-14 13:52:00,2,357,324.96999999999997,78,162.48499999999999,166,0
17045.0,2011-04-06 12:08:00,2011-08-18 17:09:00,3,106,339.44,13,113.14666666666666,147,1
17046.0,2011-07-05 14:24:00,2011-07-05 14:24:00,1,510,642.02,57,642.02,57,1
17047.0,2011-05-18 16:50:00,2011-05-18 16:51:00,2,352,749.4300000000001,105,374.71500000000003,105,0
17048.0,2011-01-12 16:51:00,2011-08-14 11:49:00,3,485,925.35,17,308.45,231,1
17049.0,2011-03-09 08:33:00,2011-08-14 12:33:00,5,1083,2606.65,17,521.33,175,0
17050.0,2011-02-13 12:41:00,2011-06-05 15:25:00,5,1334,2617.39,87,523.478,199,0
17051.0,2011-05-29 14:13:00,2011-05-29 14:13:00,1,179,240.89000000000001,94,240.89000000000001,94,1
17053.0,2011-08-01 10:23:00,2011-08-01 10:23:00,1,122,498.48,30,498.48,30,1
17054.0,2011-04-08 13:14:00,2011-07-25 09:58:00,4,739,1207.32,37,301.83,145,0
17058.0,2011-04-14 09:18:00,2011-05-24 13:50:00,2,455,819.66,99,409.83,139,0
17059.0,2010-12-05 12:35:00,2011-08-21 15:17:00,4,1279,2237.1,10,559.275,269,0
17060.0,2011-03-18 13:27:00,2011-03-18 13:27:00,1,216,234.24,166,234.24,166,1
17061.0,2011-04-21 13:29:00,2011-08-21 10:44:00,10,1408,4658.83,10,465.883,132,0
17062.0,2010-12-05 11:59:00,2011-01-30 11:01:00,4,418,533.33,213,133.3325,269,1
17063.0,2011-02-23 13:44:00,2011-06-29 13:59:00,4,309,671.87,63,167.9675,189,0
17064.0,2011-01-16 16:10:00,2011-06-10 10:26:00,2,187,457.40000000000003,82,228.70000000000002,227,0
17068.0,2010-12-06 13:58:00,2011-08-21 11:15:00,15,1508,3281.4900000000002,10,218.76600000000002,268,0
17069.0,2010-12-01 16:49:00,2011-07-07 14:30:00,5,712,1495.79,55,299.158,273,0
17070.0,2011-08-17 17:01:00,2011-08-17 17:01:00,1,131,304.24,14,304.24,14,1
17071.0,2011-02-03 08:18:00,2011-07-28 16:04:00,6,622,1402.42,34,233.73666666666668,209,0
17073.0,2011-08-22 14:37:00,2011-08-22 14:37:00,1,307,453.79,9,453.79,9,0
17075.0,2011-01-26 13:20:00,2011-03-31 13:47:00,3,241,696.07,153,232.02333333333334,217,0
17076.0,2010-12-10 10:08:00,2011-03-11 08:59:00,2,112,334.2,173,167.1,264,0
17080.0,2011-03-15 12:05:00,2011-03-15 12:05:00,1,72,76.32000000000001,169,76.32000000000001,169,0
17082.0,2011-01-25 14:36:00,2011-01-25 14:36:00,1,316,636.94,218,636.94,218,0
17083.0,2011-02-09 11:38:00,2011-08-22 15:43:00,3,772,1405.78,9,468.5933333333333,203,1
17085.0,2010-12-12 12:24:00,2011-08-08 14:15:00,5,785,1562.4,23,312.48,262,1
17088.0,2011-03-31 09:48:00,2011-06-10 09:23:00,2,525,1399.1100000000001,82,699.5550000000001,153,0
17090.0,2010-12-20 13:52:00,2011-04-26 10:23:00,3,313,649.05,127,216.35,254,0
17091.0,2010-12-07 09:55:00,2011-06-07 11:51:00,5,1013,1994.41,85,398.882,267,0
17092.0,2011-03-07 14:51:00,2011-08-05 16:10:00,2,390,629.32,26,314.66,177,0
17094.0,2011-01-21 13:09:00,2011-01-21 13:09:00,1,152,302.0,222,302.0,222,1
17095.0,2011-01-09 11:05:00,2011-02-13 13:52:00,2,234,543.96,199,271.98,234,0
17096.0,2011-03-23 12:05:00,2011-07-19 17:02:00,2,178,443.94,43,221.97,161,0
17097.0,2010-12-09 14:55:00,2011-08-31 15:35:00,6,250,639.53,0,106.58833333333332,265,0
17101.0,2011-06-14 14:49:00,2011-06-14 14:49:00,1,158,230.57999999999998,78,230.57999999999998,78,0
17102.0,2011-03-23 10:08:00,2011-03-23 10:08:00,1,2,25.5,161,25.5,161,1
17105.0,2011-02-06 14:46:00,2011-07-03 15:53:00,2,693,665.78,59,332.89,206,1
17107.0,2011-03-06 15:17:00,2011-07-07 18:56:00,3,2431,6332.61,55,2110.87,178,0
17109.0,2011-04-21 15:46:00,2011-04-21 15:51:00,2,248,464.59000000000003,132,232.29500000000002,132,0
17110.0,2011-06-27 12:58:00,2011-06-27 12:58:00,1,50,163.29999999999998,65,163.29999999999998,65,1
17114.0,2011-01-09 11:39:00,2011-07-24 11:58:00,6,156,601.9399999999999,38,100.32333333333332,234,0
17115.0,2011-04-20 14:46:00,2011-06-10 08:54:00,2,260,612.82,82,306.41,133,0
17117.0,2011-02-24 13:54:00,2011-02-24 13:54:00,1,68,116.19999999999999,188,116.19999999999999,188,1
17118.0,2011-01-26 12:19:00,2011-01-26 12:19:00,1,154,157.02,217,157.02,217,1
17120.0,2011-04-20 15:21:00,2011-04-20 15:21:00,1,120,307.46,133,307.46,133,1
17122.0,2011-08-12 14:33:00,2011-08-12 14:33:00,1,80,138.32,19,138.32,19,1
17123.0,2011-07-01 10:47:00,2011-07-01 10:47:00,1,246,345.29999999999995,61,345.29999999999995,61,1
17124.0,2011-06-07 14:02:00,2011-06-07 14:02:00,1,129,294.24,85,294.24,85,1
17126.0,2010-12-12 11:26:00,2011-07-10 13:52:00,5,780,989.45,52,197.89000000000001,262,1
17128.0,2011-01-09 12:02:00,2011-01-09 12:02:00,1,76,157.09,234,157.09,234,1
17133.0,2011-03-18 13:47:00,2011-06-02 14:46:00,3,1125,2478.79,90,826.2633333333333,166,0
17134.0,2011-03-20 11:56:00,2011-08-25 09:53:00,2,98,413.2,6,206.6,164,1
17135.0,2010-12-03 09:31:00,2011-02-23 10:27:00,2,420,500.55,189,250.275,271,0
17138.0,2011-03-09 11:54:00,2011-03-09 11:54:00,1,126,380.5,175,380.5,175,1
17139.0,2011-02-24 09:32:00,2011-08-09 11:56:00,7,3200,6851.82,22,978.8314285714285,188,0
17140.0,2011-04-06 13:33:00,2011-04-06 13:33:00,1,296,454.12,147,454.12,147,1
17142.0,2011-04-14 18:22:00,2011-04-14 18:22:00,1,81,579.0,139,579.0,139,1
17146.0,2010-12-16 12:20:00,2011-08-26 12:44:00,3,212,749.78,5,249.92666666666665,258,1
17147.0,2011-02-01 09:36:00,2011-05-17 10:57:00,2,517,973.11,106,486.555,211,0
17152.0,2011-03-21 16:20:00,2011-05-29 12:19:00,3,517,1689.5,94,563.1666666666666,163,1
17155.0,2011-06-15 10:22:00,2011-06-15 10:22:00,1,154,143.3,77,143.3,77,0
17157.0,2011-06-16 15:08:00,2011-06-16 15:08:00,1,102,161.46,76,161.46,76,0
17158.0,2010-12-14 13:03:00,2011-04-21 10:12:00,2,461,698.55,132,349.275,260,0
17159.0,2011-06-21 09:49:00,2011-06-21 09:49:00,1,305,528.45,71,528.45,71,0
17160.0,2011-04-12 12:00:00,2011-08-22 13:32:00,5,2417,3001.18,9,600.236,141,0
17162.0,2011-02-07 12:27:00,2011-07-31 16:04:00,9,865,1463.66,31,162.6288888888889,205,0
17164.0,2011-03-11 14:26:00,2011-07-11 12:47:00,3,802,1270.42,51,423.47333333333336,173,0
17165.0,2011-02-28 16:39:00,2011-02-28 16:39:00,1,100,158.68,184,158.68,184,1
17166.0,2011-05-20 08:18:00,2011-05-20 08:18:00,1,57,127.59,103,127.59,103,0
17169.0,2011-06-09 13:16:00,2011-06-09 13:16:00,1,102,308.68,83,308.68,83,0
17171.0,2011-02-23 16:37:00,2011-02-23 16:37:00,1,185,224.91,189,224.91,189,1
17173.0,2011-07-31 15:26:00,2011-08-15 10:28:00,2,238,961.26,16,480.63,31,0
17174.0,2011-05-06 11:47:00,2011-05-06 11:47:00,1,41,59.9,117,59.9,117,1
17175.0,2011-02-16 14:56:00,2011-07-21 18:08:00,3,644,1132.6299999999999,41,377.5433333333333,196,0
17176.0,2011-05-22 12:41:00,2011-05-22 12:41:00,1,170,306.13,101,306.13,101,1
17179.0,2010-12-13 14:24:00,2011-06-14 16:48:00,3,290,711.79,78,237.26333333333332,261,1
17180.0,2011-01-27 18:05:00,2011-04-12 16:20:00,3,516,552.8,141,184.26666666666665,216,0
17181.0,2010-12-01 12:38:00,2010-12-01 12:38:00,1,216,155.52,273,155.52,273,0
17183.0,2011-08-26 15:25:00,2011-08-26 15:25:00,1,141,329.67,5,329.67,5,0
17187.0,2011-04-27 12:39:00,2011-04-27 12:39:00,1,144,203.95,126,203.95,126,1
17188.0,2010-12-12 12:56:00,2011-06-28 14:51:00,5,971,1815.09,64,363.018,262,0
17189.0,2010-12-15 17:28:00,2011-08-25 19:39:00,2,226,383.75,6,191.875,259,1
17190.0,2011-05-16 15:29:00,2011-05-16 15:29:00,1,1,195.0,107,195.0,107,0
17191.0,2010-12-06 14:36:00,2011-06-01 12:13:00,5,639,1175.7,91,235.14000000000001,268,0
17193.0,2011-06-16 10:04:00,2011-06-16 10:23:00,2,144,448.56000000000006,76,224.28000000000003,76,0
17194.0,2010-12-14 12:06:00,2011-03-11 12:05:00,2,119,262.62,173,131.31,260,1
17198.0,2010-12-03 14:54:00,2010-12-09 13:34:00,2,242,521.66,265,260.83,271,0
17204.0,2011-03-21 12:42:00,2011-06-17 14:46:00,4,646,1564.56,75,391.14,163,1
17211.0,2010-12-05 12:44:00,2011-06-12 13:21:00,6,793,1464.89,80,244.14833333333334,269,0
17212.0,2011-03-31 19:42:00,2011-03-31 19:42:00,1,147,226.85,153,226.85,153,1
17213.0,2010-12-08 13:03:00,2011-07-21 15:47:00,5,758,1780.01,41,356.002,266,0
17214.0,2010-12-15 15:14:00,2011-04-04 16:28:00,4,177,611.97,149,152.9925,259,0
17217.0,2011-04-19 17:19:00,2011-04-19 17:19:00,1,24,113.5,134,113.5,134,1
17218.0,2010-12-06 15:25:00,2011-05-09 16:59:00,5,394,943.58,114,188.716,268,0
17220.0,2010-12-10 14:54:00,2011-08-05 15:30:00,8,1199,2165.5,26,270.6875,264,0
17223.0,2010-12-06 14:08:00,2011-02-02 15:57:00,2,110,416.89,210,208.445,268,1
17226.0,2011-02-04 11:52:00,2011-02-04 11:52:00,1,406,393.49,208,393.49,208,1
17227.0,2010-12-06 11:16:00,2011-06-20 10:13:00,3,296,473.75,72,157.91666666666666,268,0
17228.0,2010-12-02 16:00:00,2011-05-16 10:40:00,4,611,687.58,107,171.895,272,0
17229.0,2011-07-20 12:38:00,2011-07-20 12:38:00,1,108,157.71,42,157.71,42,0
17230.0,2010-12-15 11:22:00,2011-03-20 16:12:00,8,1651,3638.41,164,454.80125,259,1
17231.0,2010-12-13 14:16:00,2011-08-05 16:19:00,7,1033,1905.82,26,272.26,261,0
17234.0,2011-06-10 11:20:00,2011-06-10 11:20:00,1,55,149.89000000000001,82,149.89000000000001,82,1
17235.0,2010-12-02 13:38:00,2010-12-02 13:38:00,1,126,341.9,272,341.9,272,0
17236.0,2010-12-12 11:49:00,2011-06-13 15:47:00,5,400,697.73,79,139.546,262,0
17238.0,2010-12-03 15:05:00,2011-07-26 15:42:00,11,898,1943.57,36,176.68818181818182,271,0
17239.0,2011-01-31 09:41:00,2011-01-31 09:41:00,1,150,382.5,212,382.5,212,1
17242.0,2011-06-12 13:04:00,2011-08-23 14:55:00,2,611,1135.04,8,567.52,80,1
17243.0,2010-12-05 10:03:00,2011-08-18 13:01:00,15,1378,3909.27,13,260.618,269,0
17245.0,2011-05-19 10:43:00,2011-05-19 10:43:00,1,75,171.45,104,171.45,104,1
17248.0,2011-08-11 13:34:00,2011-08-11 13:34:00,1,213,318.65,20,318.65,20,1
17250.0,2011-03-23 16:45:00,2011-03-23 16:45:00,1,70,162.65,161,162.65,161,0
17251.0,2010-12-12 11:06:00,2010-12-12 11:06:00,1,108,269.83,262,269.83,262,1
17252.0,2011-06-06 16:41:00,2011-08-15 09:45:00,2,192,348.91,16,174.455,86,1
17255.0,2011-02-13 15:18:00,2011-02-13 15:18:00,1,73,108.26,199,108.26,199,0
17256.0,2011-01-31 14:53:00,2011-08-24 13:30:00,2,141,240.0,7,120.0,212,1
17259.0,2010-12-06 12:55:00,2011-07-14 15:01:00,2,388,581.23,48,290.615,268,1
17262.0,2010-12-08 13:30:00,2011-04-26 15:58:00,4,327,955.3600000000001,127,238.84000000000003,266,0
17263.0,2011-05-15 14:32:00,2011-05-15 14:32:00,1,36,63.440000000000005,108,63.440000000000005,108,1
17265.0,2011-06-12 12:00:00,2011-07-24 10:49:00,2,389,550.01,38,275.005,80,1
17266.0,2011-07-15 11:57:00,2011-07-15 11:57:00,1,27,113.06,47,113.06,47,0
17267.0,2011-08-04 17:19:00,2011-08-04 17:22:00,2,158,317.2,27,158.6,27,1
17268.0,2011-04-08 13:20:00,2011-08-24 10:06:00,4,844,763.64,7,190.91,145,1
17272.0,2011-03-22 12:05:00,2011-05-24 13:46:00,2,1161,1409.44,99,704.72,162,0
17277.0,2011-01-21 12:37:00,2011-04-26 12:47:00,2,430,1065.3500000000001,127,532.6750000000001,222,1
17278.0,2011-04-12 13:10:00,2011-04-12 13:10:00,1,179,246.04,141,246.04,141,1
17282.0,2011-02-13 11:36:00,2011-08-01 14:29:00,3,1866,1685.46,30,561.82,199,1
17284.0,2011-01-07 14:31:00,2011-08-11 12:00:00,5,1238,1489.04,20,297.808,236,0
17287.0,2010-12-02 12:22:00,2011-07-19 14:59:00,5,350,702.41,43,140.482,272,0
17288.0,2010-12-16 13:33:00,2011-05-16 14:32:00,5,662,663.7,107,132.74,258,0
17289.0,2011-06-12 13:51:00,2011-06-12 13:51:00,1,132,164.45,80,164.45,80,0
17291.0,2011-02-04 13:04:00,2011-02-04 13:04:00,1,72,550.8000000000001,208,550.8000000000001,208,1
17293.0,2010-12-13 14:55:00,2011-08-12 14:03:00,5,517,867.03,19,173.406,261,0
17298.0,2011-08-07 12:21:00,2011-08-30 16:43:00,2,387,498.42,1,249.21,24,1
17299.0,2011-06-19 16:04:00,2011-08-31 14:22:00,2,280,268.19,0,134.095,73,0
17302.0,2011-02-07 10:14:00,2011-08-09 09:04:00,3,345,661.61,22,220.53666666666666,205,0
17303.0,2010-12-13 13:32:00,2010-12-13 13:32:00,1,144,250.04,261,250.04,261,1
17306.0,2010-12-21 13:34:00,2011-08-03 14:35:00,14,8412,6123.32,28,437.38,253,0
17311.0,2011-01-27 10:56:00,2011-01-27 10:56:00,1,410,556.46,216,556.46,216,0
17312.0,2011-07-03 13:12:00,2011-07-24 11:52:00,3,372,644.3,38,214.76666666666665,59,1
17314.0,2011-01-31 11:25:00,2011-07-14 11:28:00,5,1018,1506.92,48,301.384,212,0
17315.0,2010-12-17 12:24:00,2011-08-31 15:49:00,30,2998,4368.09,0,145.603,257,0
17320.0,2010-12-06 15:38:00,2011-08-31 13:31:00,3,634,1200.6200000000001,0,400.2066666666667,268,1
17323.0,2011-02-20 14:38:00,2011-08-07 12:05:00,4,495,530.95,24,132.7375,192,0
17324.0,2010-12-08 12:45:00,2011-01-12 11:21:00,2,606,702.23,231,351.115,266,0
17325.0,2011-03-04 13:09:00,2011-03-04 13:09:00,1,60,96.8,180,96.8,180,1
17329.0,2011-01-28 15:29:00,2011-01-28 15:29:00,1,67,243.36,215,243.36,215,0
17331.0,2011-08-08 11:55:00,2011-08-08 11:55:00,1,16,175.2,23,175.2,23,1
17334.0,2011-02-04 09:03:00,2011-02-10 14:59:00,2,315,307.02,202,153.51,208,1
17337.0,2011-02-02 17:06:00,2011-07-11 14:55:00,4,1247,1981.06,51,495.265,210,1
17338.0,2010-12-13 12:57:00,2011-08-17 14:22:00,7,2339,5163.92,14,737.7028571428572,261,0
17339.0,2010-12-09 14:44:00,2010-12-09 14:44:00,1,16,60.0,265,60.0,265,0
17340.0,2010-12-08 15:56:00,2011-08-11 12:58:00,7,4008,7593.65,20,1084.8071428571427,266,0
17341.0,2010-12-08 12:46:00,2011-07-06 12:33:00,3,443,682.29,56,227.42999999999998,266,1
17343.0,2010-12-19 15:07:00,2010-12-19 15:07:00,1,56,193.64,255,193.64,255,1
17345.0,2011-05-27 12:26:00,2011-05-27 12:29:00,2,61,125.38,96,62.69,96,0
17346.0,2010-12-01 14:34:00,2011-08-28 15:01:00,8,923,1228.78,3,153.5975,273,0
17348.0,2011-02-15 10:49:00,2011-02-15 10:49:00,1,199,160.15,197,160.15,197,0
17349.0,2011-06-13 14:29:00,2011-06-13 14:29:00,1,102,98.25,79,98.25,79,1
17351.0,2011-03-11 16:05:00,2011-06-23 19:29:00,2,92,427.3,69,213.65,173,0
17353.0,2011-07-08 16:17:00,2011-08-02 17:19:00,2,1200,1740.0,29,870.0,54,1
17356.0,2011-02-01 11:07:00,2011-02-01 11:07:00,1,166,178.22,211,178.22,211,1
17358.0,2010-12-19 14:16:00,2011-02-09 16:57:00,2,190,360.81,203,180.405,255,1
17360.0,2011-06-08 17:09:00,2011-06-08 17:09:00,1,164,320.9,84,320.9,84,0
17361.0,2011-02-21 09:55:00,2011-06-06 14:02:00,2,63,263.92,86,131.96,191,0
17362.0,2011-02-03 10:26:00,2011-04-14 14:43:00,2,191,312.23,139,156.115,209,1
17364.0,2011-01-12 16:57:00,2011-07-25 12:58:00,6,1494,2617.41,37,436.23499999999996,231,0
17365.0,2011-01-11 12:11:00,2011-06-23 10:44:00,5,2534,2336.81,69,467.36199999999997,232,0
17367.0,2011-04-15 14:21:00,2011-04-15 14:21:00,1,149,167.55,138,167.55,138,1
17368.0,2011-01-06 11:57:00,2011-06-19 11:42:00,5,1276,1584.27,73,316.854,237,0
17370.0,2011-06-23 11:50:00,2011-06-23 11:50:00,1,78,110.69999999999999,69,110.69999999999999,69,0
17371.0,2010-12-13 15:20:00,2010-12-13 15:20:00,1,39,92.14,261,92.14,261,0
17372.0,2010-12-12 12:00:00,2011-06-26 14:06:00,6,592,1055.63,66,175.93833333333336,262,0
17373.0,2011-01-31 11:46:00,2011-07-28 17:15:00,2,200,287.3,34,143.65,212,0
17374.0,2011-03-03 12:53:00,2011-05-05 09:05:00,2,85,495.77,118,247.885,181,1
17375.0,2010-12-13 15:16:00,2011-05-24 15:45:00,3,367,400.1,99,133.36666666666667,261,1
17376.0,2011-02-01 14:12:00,2011-02-01 14:12:00,1,35,105.85,211,105.85,211,0
17377.0,2010-12-01 12:35:00,2011-08-05 15:40:00,9,1082,2040.34,26,226.70444444444445,273,0
17381.0,2010-12-02 12:58:00,2011-08-12 13:27:00,23,21483,16875.65,19,733.7239130434783,272,0
17384.0,2011-05-04 16:07:00,2011-05-04 16:07:00,1,43,227.65,119,227.65,119,0
17386.0,2011-06-27 12:11:00,2011-08-18 12:23:00,3,876,1541.4,13,513.8000000000001,65,0
17388.0,2011-02-25 12:28:00,2011-07-31 12:34:00,3,779,953.0300000000001,31,317.6766666666667,187,0
17389.0,2011-01-12 15:48:00,2011-08-10 14:51:00,24,1888,8912.78,21,371.36583333333334,231,0
17391.0,2011-06-28 12:21:00,2011-06-29 09:58:00,2,480,508.8,63,254.4,64,1
17392.0,2010-12-16 19:04:00,2011-02-06 12:48:00,2,277,417.27,206,208.635,258,1
17394.0,2011-05-04 13:22:00,2011-05-04 13:22:00,1,241,203.86999999999998,119,203.86999999999998,119,1
17396.0,2010-12-03 09:45:00,2011-07-14 10:24:00,6,1105,4801.8,48,800.3000000000001,271,0
17398.0,2011-03-29 13:04:00,2011-08-17 09:48:00,3,310,653.38,14,217.79333333333332,155,1
17400.0,2010-12-21 17:16:00,2011-08-05 15:38:00,5,1088,2097.84,26,419.56800000000004,253,1
17402.0,2010-12-05 13:53:00,2011-08-30 12:32:00,8,420,1732.45,1,216.55625,269,0
17404.0,2010-12-14 13:28:00,2011-08-08 13:12:00,10,21623,21004.3,23,2100.43,260,0
17405.0,2011-07-12 14:17:00,2011-07-12 14:17:00,1,334,393.31,50,393.31,50,0
17406.0,2010-12-08 10:35:00,2011-01-10 15:07:00,3,780,2184.42,233,728.14,266,1
17408.0,2011-06-29 12:53:00,2011-06-29 12:53:00,1,3,32.65,63,32.65,63,1
17409.0,2011-04-05 16:42:00,2011-06-08 10:36:00,2,105,771.85,84,385.925,148,1
17410.0,2011-05-08 15:21:00,2011-05-08 15:21:00,1,100,302.4,115,302.4,115,0
17411.0,2011-03-23 13:44:00,2011-03-23 13:44:00,1,126,285.58,161,285.58,161,0
17412.0,2010-12-02 16:29:00,2011-05-27 14:55:00,4,358,709.82,96,177.455,272,0
17414.0,2011-06-08 11:43:00,2011-06-08 11:43:00,1,1380,598.0,84,598.0,84,0
17416.0,2011-03-03 13:45:00,2011-08-22 09:30:00,5,3283,5294.49,9,1058.898,181,0
17418.0,2011-01-20 11:39:00,2011-01-20 11:39:00,1,139,167.39000000000001,223,167.39000000000001,223,0
17419.0,2010-12-07 15:03:00,2011-07-19 12:39:00,8,1213,2660.0,43,332.5,267,0
17420.0,2010-12-01 09:56:00,2011-06-21 15:07:00,2,169,391.51,71,195.755,273,0
17422.0,2011-02-16 14:44:00,2011-07-20 10:08:00,4,1356,1296.18,42,324.045,196,0
17423.0,2011-05-06 09:14:00,2011-05-06 09:14:00,1,314,449.42,117,449.42,117,0
17426.0,2011-03-02 16:34:00,2011-06-17 12:31:00,3,1841,3279.23,75,1093.0766666666666,182,0
17428.0,2010-12-06 09:37:00,2011-08-21 12:37:00,20,6739,10661.09,10,533.0545,268,0
17429.0,2011-05-05 09:53:00,2011-08-03 13:22:00,3,624,524.9200000000001,28,174.97333333333336,118,1
17430.0,2010-12-09 13:05:00,2010-12-09 13:05:00,1,60,112.6,265,112.6,265,0
17431.0,2011-01-30 14:36:00,2011-01-30 14:36:00,1,292,403.3,213,403.3,213,1
17436.0,2011-04-27 11:33:00,2011-04-27 11:33:00,1,48,122.39999999999999,126,122.39999999999999,126,0
17438.0,2011-03-31 10:26:00,2011-03-31 10:26:00,1,103,388.45000000000005,153,388.45000000000005,153,1
17440.0,2011-04-06 12:05:00,2011-07-06 11:54:00,3,246,186.42000000000002,56,62.14000000000001,147,1
17442.0,2011-02-22 13:02:00,2011-08-10 12:25:00,4,1013,1590.45,21,397.6125,190,0
17443.0,2011-05-04 10:47:00,2011-05-04 10:47:00,1,504,534.24,119,534.24,119,1
17444.0,2011-06-20 09:04:00,2011-07-15 12:05:00,3,2119,2940.04,47,980.0133333333333,72,1
17446.0,2011-02-02 14:40:00,2011-06-16 10:42:00,2,198,120.9,76,60.45,210,1
17449.0,2010-12-15 10:57:00,2011-04-19 14:57:00,3,606,1322.69,134,440.8966666666667,259,0
17450.0,2010-12-07 09:23:00,2011-08-23 10:48:00,22,31872,85610.34,8,3891.379090909091,267,0
17451.0,2011-08-26 11:54:00,2011-08-26 11:54:00,1,267,346.01,5,346.01,5,0
17454.0,2010-12-15 10:54:00,2011-05-31 13:58:00,4,243,517.53,92,129.3825,259,1
17455.0,2011-05-20 12:31:00,2011-05-20 12:31:00,1,66,131.7,103,131.7,103,1
17456.0,2010-12-09 15:23:00,2010-12-09 15:23:00,1,222,249.86,265,249.86,265,1
17457.0,2011-01-04 14:33:00,2011-08-05 12:48:00,5,826,1737.7,26,347.54,239,1
17460.0,2010-12-01 16:24:00,2011-04-28 10:54:00,5,177,462.58000000000004,125,92.516,273,0
17462.0,2011-02-28 17:01:00,2011-02-28 17:01:00,1,155,463.40999999999997,184,463.40999999999997,184,0
17463.0,2011-01-30 15:48:00,2011-06-16 15:10:00,3,718,1227.59,76,409.19666666666666,213,0
17464.0,2011-07-04 13:19:00,2011-07-04 13:19:00,1,220,289.96000000000004,58,289.96000000000004,58,1
17469.0,2011-05-19 08:55:00,2011-08-23 08:54:00,3,443,1050.27,8,350.09,104,0
17470.0,2010-12-07 09:57:00,2011-08-04 13:15:00,4,1275,816.47,27,204.1175,267,0
17472.0,2011-02-13 14:40:00,2011-06-01 14:57:00,3,455,697.54,91,232.51333333333332,199,1
17483.0,2011-06-09 19:40:00,2011-07-28 17:33:00,2,98,274.74,34,137.37,83,0
17486.0,2011-03-23 14:00:00,2011-03-23 14:00:00,1,191,396.87,161,396.87,161,1
17489.0,2011-05-11 11:34:00,2011-05-11 11:34:00,1,232,208.56,112,208.56,112,0
17490.0,2011-06-16 09:15:00,2011-06-16 09:15:00,1,140,305.2,76,305.2,76,0
17491.0,2010-12-07 12:18:00,2011-07-29 15:02:00,5,1034,1660.31,33,332.062,267,0
17492.0,2011-04-05 15:21:00,2011-04-05 15:21:00,1,155,374.57,148,374.57,148,1
17496.0,2010-12-16 08:39:00,2010-12-16 08:39:00,1,79,271.05,258,271.05,258,1
17499.0,2011-02-23 09:14:00,2011-02-23 09:14:00,1,711,622.88,189,622.88,189,1
17501.0,2011-05-03 09:46:00,2011-05-03 09:47:00,2,160,288.6,120,144.3,120,1
17504.0,2011-01-21 11:09:00,2011-05-17 12:59:00,9,1664,2997.0299999999997,106,333.00333333333333,222,1
17505.0,2011-05-18 09:01:00,2011-07-01 12:50:00,2,556,1145.84,61,572.92,105,1
17507.0,2011-02-03 18:08:00,2011-03-23 11:48:00,2,359,605.58,161,302.79,209,1
17508.0,2011-03-04 08:10:00,2011-03-04 08:10:00,1,289,387.31,180,387.31,180,1
17511.0,2010-12-01 10:19:00,2011-08-17 11:04:00,20,38091,56175.47,14,2808.7735000000002,273,0
17512.0,2011-02-11 12:22:00,2011-08-10 14:55:00,8,1834,1891.9,21,236.4875,201,0
17514.0,2011-08-03 15:45:00,2011-08-03 15:45:00,1,135,208.65,28,208.65,28,1
17515.0,2011-01-25 14:33:00,2011-05-17 14:03:00,3,220,571.37,106,190.45666666666668,218,0
17516.0,2011-02-27 12:41:00,2011-08-12 14:50:00,4,373,605.65,19,151.4125,185,0
17517.0,2011-02-04 11:48:00,2011-02-04 11:48:00,1,102,153.94,208,153.94,208,1
17519.0,2010-12-06 15:18:00,2011-07-29 12:09:00,5,1042,1488.0,33,297.6,268,0
17521.0,2011-05-24 15:14:00,2011-05-24 15:14:00,1,116,159.56,99,159.56,99,0
17522.0,2011-05-05 16:31:00,2011-07-24 12:29:00,4,932,912.25,38,228.0625,118,0
17524.0,2010-12-13 14:32:00,2010-12-13 14:32:00,1,90,145.0,261,145.0,261,1
17525.0,2010-12-15 12:05:00,2010-12-15 12:05:00,1,82,422.70000000000005,259,422.70000000000005,259,1
17526.0,2010-12-09 12:20:00,2011-02-22 09:10:00,3,140,872.8,190,290.93333333333334,265,0
17527.0,2011-05-05 13:43:00,2011-08-22 10:15:00,2,206,606.62,9,303.31,118,0
17530.0,2010-12-09 20:01:00,2011-05-17 16:49:00,6,792,1365.26,106,227.54333333333332,265,0
17531.0,2011-06-02 19:17:00,2011-06-02 19:17:00,1,136,296.7,90,296.7,90,1
17535.0,2011-03-04 15:20:00,2011-03-04 15:20:00,1,136,164.4,180,164.4,180,1
17536.0,2011-06-15 13:23:00,2011-06-15 13:23:00,1,6,76.5,77,76.5,77,1
17537.0,2011-02-09 13:37:00,2011-02-09 13:37:00,1,369,620.75,203,620.75,203,0
17540.0,2011-01-27 14:35:00,2011-01-27 14:35:00,1,64,268.8,216,268.8,216,0
17542.0,2011-03-15 11:45:00,2011-03-15 11:45:00,1,134,170.75,169,170.75,169,1
17548.0,2011-04-20 12:01:00,2011-04-20 12:01:00,1,58,103.3,133,103.3,133,1
17550.0,2011-04-10 15:19:00,2011-05-26 14:09:00,3,86,267.16,97,89.05333333333334,143,1
17551.0,2010-12-15 14:12:00,2010-12-15 14:12:00,1,142,290.34,259,290.34,259,1
17552.0,2010-12-02 18:45:00,2010-12-02 18:46:00,2,144,298.52,272,149.26,272,0
17553.0,2011-08-02 10:00:00,2011-08-02 10:00:00,1,1048,1487.6,29,1487.6,29,1
17554.0,2011-07-14 20:01:00,2011-08-09 10:16:00,2,1409,1249.89,22,624.945,48,0
17555.0,2011-01-09 12:31:00,2011-01-09 12:31:00,1,156,195.45,234,195.45,234,0
17556.0,2011-05-18 10:48:00,2011-05-18 10:48:00,1,101,157.9,105,157.9,105,1
17560.0,2011-02-02 11:14:00,2011-07-07 15:06:00,3,443,705.83,55,235.27666666666667,210,0
17562.0,2011-06-19 13:06:00,2011-08-22 12:16:00,4,601,661.1,9,165.275,73,0
17567.0,2010-12-02 15:18:00,2011-07-13 17:03:00,5,1373,2335.05,49,467.01000000000005,272,0
17569.0,2011-01-11 14:15:00,2011-01-11 14:15:00,1,159,344.14,232,344.14,232,1
17571.0,2011-02-14 15:15:00,2011-07-17 12:26:00,3,485,559.55,45,186.51666666666665,198,0
17572.0,2010-12-01 12:51:00,2011-04-15 12:10:00,2,56,152.20000000000002,138,76.10000000000001,273,0
17574.0,2011-04-11 09:47:00,2011-04-11 09:47:00,1,77,185.65,142,185.65,142,1
17576.0,2010-12-09 16:57:00,2011-08-25 19:55:00,13,1290,2140.7,6,164.66923076923075,265,0
17578.0,2011-05-05 18:38:00,2011-05-05 18:38:00,1,138,143.45999999999998,118,143.45999999999998,118,1
17579.0,2011-06-13 14:12:00,2011-07-25 09:50:00,2,130,270.86,37,135.43,79,0
17580.0,2010-12-16 15:27:00,2011-04-01 12:41:00,3,88,215.72,152,71.90666666666667,258,1
17581.0,2010-12-02 14:47:00,2011-08-22 10:09:00,17,3495,6522.29,9,383.66411764705884,272,0
17582.0,2011-04-17 13:18:00,2011-04-17 13:18:00,1,123,175.27,136,175.27,136,1
17584.0,2011-08-04 14:12:00,2011-08-04 14:12:00,1,245,749.45,27,749.45,27,0
17585.0,2011-01-05 15:09:00,2011-08-22 13:30:00,4,1650,1116.68,9,279.17,238,1
17588.0,2011-04-21 10:31:00,2011-08-31 13:37:00,3,676,1240.2,0,413.40000000000003,132,1
17589.0,2011-04-13 13:47:00,2011-07-11 17:07:00,3,1307,1843.07,51,614.3566666666667,140,0
17591.0,2010-12-07 15:39:00,2011-08-09 12:55:00,6,876,1840.8700000000001,22,306.81166666666667,267,0
17593.0,2010-12-22 10:29:00,2011-07-18 10:28:00,3,1467,2260.04,44,753.3466666666667,252,0
17594.0,2011-03-30 10:32:00,2011-03-30 10:32:00,1,220,315.0,154,315.0,154,0
17596.0,2010-12-06 12:34:00,2011-07-26 13:46:00,4,2846,1737.08,36,434.27,268,0
17597.0,2011-05-10 11:54:00,2011-05-10 11:54:00,1,1176,2044.3700000000001,113,2044.3700000000001,113,1
17601.0,2011-04-14 18:02:00,2011-04-14 18:02:00,1,103,116.00999999999999,139,116.00999999999999,139,1
17602.0,2011-01-19 16:18:00,2011-08-07 15:52:00,2,901,909.5500000000001,24,454.77500000000003,224,0
17604.0,2011-01-31 15:09:00,2011-05-06 13:43:00,2,169,309.36,117,154.68,212,1
17609.0,2011-01-16 16:23:00,2011-02-10 17:54:00,2,267,531.25,202,265.625,227,0
17611.0,2010-12-13 13:52:00,2011-08-08 10:51:00,9,1861,2701.15,23,300.1277777777778,261,0
17612.0,2011-02-15 10:40:00,2011-08-19 10:58:00,4,1034,1338.87,12,334.7175,197,0
17613.0,2011-02-07 11:20:00,2011-08-14 12:08:00,9,1667,2976.69,17,330.74333333333334,205,0
17615.0,2011-05-01 15:33:00,2011-08-01 14:06:00,3,140,329.6,30,109.86666666666667,122,1
17616.0,2010-12-07 10:04:00,2011-06-19 10:11:00,3,224,571.1999999999999,73,190.39999999999998,267,1
17618.0,2010-12-12 16:05:00,2011-04-05 13:07:00,2,235,625.48,148,312.74,262,0
17619.0,2011-01-31 14:18:00,2011-01-31 14:18:00,1,124,214.37,212,214.37,212,1
17621.0,2010-12-20 13:31:00,2011-01-31 13:07:00,2,310,901.78,212,450.89,254,0
17624.0,2011-05-05 17:59:00,2011-05-05 17:59:00,1,312,400.3,118,400.3,118,0
17625.0,2011-03-27 12:21:00,2011-07-22 13:53:00,2,838,1227.13,40,613.565,157,0
17629.0,2010-12-15 09:58:00,2011-08-11 14:16:00,5,665,798.38,20,159.676,259,0
17630.0,2011-04-21 14:03:00,2011-06-23 11:58:00,2,158,503.59999999999997,69,251.79999999999998,132,1
17631.0,2011-04-21 13:22:00,2011-07-25 13:37:00,2,185,416.5,37,208.25,132,0
17633.0,2011-08-11 15:43:00,2011-08-28 15:58:00,2,275,648.61,3,324.305,20,0
17634.0,2011-01-06 12:45:00,2011-08-09 14:18:00,6,585,1917.28,22,319.5466666666667,237,0
17637.0,2011-08-16 13:25:00,2011-08-16 13:25:00,1,215,338.95,15,338.95,15,0
17639.0,2011-03-08 15:22:00,2011-03-08 15:22:00,1,49,108.5,176,108.5,176,1
17642.0,2011-06-16 12:55:00,2011-08-12 09:11:00,2,474,712.29,19,356.145,76,1
17643.0,2010-12-01 14:38:00,2010-12-01 14:38:00,1,71,101.55,273,101.55,273,1
17644.0,2011-03-24 09:44:00,2011-08-11 14:53:00,7,898,1625.63,20,232.23285714285717,160,0
17646.0,2010-12-09 14:28:00,2011-05-04 13:17:00,3,323,1008.39,119,336.13,265,1
17648.0,2011-04-04 10:29:00,2011-05-31 11:22:00,3,289,1107.39,92,369.13000000000005,149,0
17649.0,2011-07-24 15:53:00,2011-07-24 15:53:00,1,399,868.49,38,868.49,38,1
17651.0,2011-06-15 15:57:00,2011-07-07 08:22:00,4,682,1148.01,55,287.0025,77,0
17652.0,2011-03-03 14:05:00,2011-07-18 14:04:00,6,1469,2713.57,44,452.2616666666667,181,0
17653.0,2011-08-11 15:24:00,2011-08-11 15:24:00,1,297,163.24,20,163.24,20,0
17654.0,2011-03-07 13:17:00,2011-03-07 13:17:00,1,41,117.55,177,117.55,177,1
17655.0,2010-12-08 16:45:00,2011-08-15 11:59:00,5,833,1903.3300000000002,16,380.66600000000005,266,0
17656.0,2011-08-03 10:45:00,2011-08-25 13:24:00,3,463,927.65,6,309.21666666666664,28,0
17658.0,2011-05-12 15:23:00,2011-05-12 15:23:00,1,216,317.59999999999997,111,317.59999999999997,111,0
17659.0,2010-12-02 16:46:00,2011-08-31 15:13:00,9,821,1653.03,0,183.67,272,0
17660.0,2011-07-21 13:37:00,2011-07-21 13:37:00,1,121,178.75,41,178.75,41,1
17663.0,2011-02-25 14:11:00,2011-07-08 11:52:00,4,425,1016.53,54,254.1325,187,0
17664.0,2011-05-11 14:17:00,2011-05-11 14:17:00,1,409,326.19,112,326.19,112,0
17667.0,2011-02-14 09:24:00,2011-07-01 09:47:00,4,903,1751.01,61,437.7525,198,0
17669.0,2011-04-04 10:11:00,2011-08-09 13:48:00,5,1398,2433.22,22,486.64399999999995,149,0
17670.0,2011-04-26 09:12:00,2011-04-26 09:12:00,1,110,205.7,127,205.7,127,1
17671.0,2010-12-09 14:27:00,2011-07-05 12:03:00,3,524,1098.55,57,366.18333333333334,265,0
17672.0,2011-02-03 13:29:00,2011-02-03 13:29:00,1,643,1177.8400000000001,209,1177.8400000000001,209,0
17673.0,2011-01-23 15:16:00,2011-06-30 14:38:00,4,1062,1175.62,62,293.905,220,0
17674.0,2010-12-06 10:20:00,2010-12-06 10:20:00,1,349,300.66,268,300.66,268,0
17675.0,2010-12-07 13:22:00,2011-08-30 15:42:00,23,5555,14074.19,1,611.9213043478261,267,0
17676.0,2010-12-08 13:49:00,2011-08-22 14:23:00,4,468,730.84,9,182.71,266,0
17677.0,2010-12-06 08:42:00,2011-08-31 15:08:00,20,7045,11666.5,0,583.325,268,0
17678.0,2011-03-21 11:52:00,2011-03-21 11:52:00,1,207,298.11,163,298.11,163,1
17682.0,2010-12-06 13:35:00,2011-08-16 15:22:00,5,989,1899.3500000000001,15,379.87,268,0
17685.0,2010-12-02 14:42:00,2011-03-18 10:16:00,5,888,1512.72,166,302.544,272,0
17686.0,2011-02-10 10:18:00,2011-08-11 11:44:00,5,1960,4589.35,20,917.8700000000001,202,0
17690.0,2010-12-01 16:15:00,2011-08-30 09:36:00,11,1250,3495.53,1,317.7754545454546,273,0
17691.0,2010-12-06 11:10:00,2010-12-16 17:20:00,2,134,290.40000000000003,258,145.20000000000002,268,1
17692.0,2010-12-15 13:37:00,2011-08-04 14:01:00,4,672,740.9399999999999,27,185.23499999999999,259,1
17693.0,2011-07-25 15:48:00,2011-07-25 15:48:00,1,231,200.47,37,200.47,37,1
17694.0,2011-07-21 12:00:00,2011-07-21 12:00:00,1,184,283.12,41,283.12,41,1
17695.0,2011-06-21 12:35:00,2011-07-31 10:40:00,2,779,765.34,31,382.67,71,1
17696.0,2010-12-10 09:51:00,2011-08-23 13:59:00,7,1323,1915.5900000000001,8,273.6557142857143,264,0
17697.0,2011-04-17 15:40:00,2011-04-17 15:40:00,1,93,338.95,136,338.95,136,1
17698.0,2011-03-24 11:34:00,2011-03-24 11:34:00,1,93,154.95,160,154.95,160,1
17700.0,2011-03-03 16:34:00,2011-05-10 13:00:00,2,499,1125.57,113,562.785,181,0
17701.0,2011-04-01 12:25:00,2011-04-01 12:25:00,1,109,417.95,152,417.95,152,1
17702.0,2011-05-17 16:23:00,2011-08-23 09:38:00,3,1051,1338.77,8,446.25666666666666,106,0
17703.0,2011-07-24 13:30:00,2011-08-22 15:05:00,2,376,490.96,9,245.48,38,0
17704.0,2011-04-14 09:28:00,2011-06-24 09:40:00,2,343,885.19,68,442.595,139,1
17705.0,2011-02-11 10:57:00,2011-08-25 09:53:00,6,551,968.0,6,161.33333333333334,201,0
17706.0,2010-12-08 11:02:00,2011-08-31 13:23:00,12,3049,8027.5,0,668.9583333333334,266,0
17707.0,2011-01-07 13:30:00,2011-06-07 15:03:00,2,144,152.4,85,76.2,236,1
17708.0,2011-01-19 10:09:00,2011-06-05 10:12:00,2,90,263.33,87,131.665,224,1
17709.0,2011-06-23 11:55:00,2011-06-23 11:55:00,1,17,137.45,69,137.45,69,1
17711.0,2011-02-23 11:32:00,2011-02-23 11:32:00,1,107,220.53000000000003,189,220.53000000000003,189,0
17714.0,2011-01-23 10:32:00,2011-01-23 10:32:00,1,92,153.0,220,153.0,220,1
17715.0,2011-05-23 12:32:00,2011-05-23 12:32:00,1,384,326.4,100,326.4,100,1
17716.0,2011-03-17 10:38:00,2011-08-08 11:58:00,4,1939,3436.76,23,859.19,167,0
17718.0,2011-04-21 13:39:00,2011-04-21 13:39:00,1,83,139.35,132,139.35,132,1
17719.0,2011-03-29 11:29:00,2011-08-25 14:21:00,12,2118,4477.4,6,373.1166666666666,155,0
17720.0,2010-12-07 10:43:00,2011-08-18 16:32:00,3,418,887.6,13,295.8666666666667,267,0
17722.0,2010-12-08 12:41:00,2011-06-03 12:39:00,3,1423,2100.88,89,700.2933333333334,266,0
17723.0,2011-05-09 14:44:00,2011-08-04 18:37:00,6,792,3276.4000000000005,27,546.0666666666667,114,1
17724.0,2011-07-24 13:26:00,2011-07-24 13:26:00,1,78,373.1,38,373.1,38,0
17725.0,2011-03-17 19:47:00,2011-08-31 10:06:00,8,1610,2507.12,0,313.39,167,0
17730.0,2011-01-17 14:49:00,2011-08-25 17:21:00,8,2152,3055.77,6,381.97125,226,0
17731.0,2011-06-09 14:18:00,2011-08-03 13:39:00,3,350,963.74,28,321.24666666666667,83,0
17732.0,2010-12-02 09:29:00,2010-12-02 09:29:00,1,93,303.97,272,303.97,272,1
17733.0,2011-03-23 09:54:00,2011-03-23 09:54:00,1,87,216.95000000000002,161,216.95000000000002,161,0
17734.0,2011-04-20 10:04:00,2011-07-26 09:20:00,2,343,540.21,36,270.105,133,0
17735.0,2010-12-07 10:32:00,2011-08-23 13:50:00,15,6363,10219.99,8,681.3326666666667,267,0
17736.0,2011-08-18 14:33:00,2011-08-18 14:33:00,1,213,307.49,13,307.49,13,0
17738.0,2011-03-02 16:26:00,2011-07-14 09:23:00,3,711,1571.49,48,523.83,182,0
17739.0,2010-12-14 14:26:00,2011-05-27 09:15:00,3,411,1070.77,96,356.92333333333335,260,0
17742.0,2011-01-11 10:04:00,2011-08-18 15:28:00,2,89,355.11,13,177.555,232,1
17744.0,2010-12-16 14:17:00,2011-04-03 12:46:00,4,1686,1288.96,150,322.24,258,0
17746.0,2011-04-13 14:31:00,2011-04-13 14:31:00,1,29,110.25,140,110.25,140,1
17747.0,2011-08-19 08:13:00,2011-08-19 08:13:00,1,12,71.4,12,71.4,12,1
17749.0,2011-03-28 13:39:00,2011-06-14 15:45:00,2,320,674.52,78,337.26,156,1
17750.0,2011-06-28 15:44:00,2011-08-18 20:05:00,4,2138,1012.76,13,253.19,64,0
17752.0,2010-12-15 16:19:00,2010-12-15 16:19:00,1,192,80.64,259,80.64,259,1
17754.0,2011-03-24 13:54:00,2011-07-20 15:56:00,2,844,575.06,42,287.53,160,0
17757.0,2010-12-02 17:17:00,2011-08-17 13:04:00,20,1801,3308.55,14,165.4275,272,0
17758.0,2011-04-03 15:22:00,2011-07-10 15:12:00,4,906,1433.25,52,358.3125,150,0
17759.0,2011-06-23 13:35:00,2011-06-23 13:41:00,2,77,167.15,69,83.575,69,0
17760.0,2010-12-01 15:08:00,2010-12-01 15:08:00,1,165,172.54,273,172.54,273,0
17763.0,2011-03-21 14:25:00,2011-03-21 14:25:00,1,12,15.0,163,15.0,163,1
17764.0,2011-05-12 16:11:00,2011-05-12 16:11:00,1,113,230.67000000000002,111,230.67000000000002,111,0
17765.0,2011-03-28 11:58:00,2011-07-04 12:41:00,3,143,367.63,58,122.54333333333334,156,1
17768.0,2011-06-26 13:46:00,2011-06-26 13:46:00,1,123,385.83,66,385.83,66,0
17769.0,2011-01-23 11:15:00,2011-07-24 11:06:00,4,1069,1817.88,38,454.47,220,0
17770.0,2011-03-02 13:35:00,2011-05-25 12:34:00,5,365,1143.27,98,228.654,182,1
17771.0,2011-01-20 14:13:00,2011-01-20 14:13:00,1,110,115.8,223,115.8,223,0
17774.0,2011-02-07 13:13:00,2011-07-17 12:32:00,3,427,978.1899999999999,45,326.06333333333333,205,0
17775.0,2011-03-30 10:50:00,2011-03-30 10:50:00,1,72,56.4,154,56.4,154,1
17777.0,2011-08-31 14:35:00,2011-08-31 14:35:00,1,161,189.79999999999998,0,189.79999999999998,0,0
17779.0,2011-07-19 12:19:00,2011-07-19 12:19:00,1,248,323.09,43,323.09,43,0
17781.0,2011-03-31 19:54:00,2011-07-03 16:00:00,2,34,188.02,59,94.01,153,1
17783.0,2011-04-06 10:07:00,2011-04-06 10:07:00,1,53,112.41,147,112.41,147,0
17786.0,2011-01-26 14:35:00,2011-01-26 14:35:00,1,52,103.35,217,103.35,217,0
17787.0,2010-12-03 13:43:00,2011-07-10 11:24:00,4,896,1817.54,52,454.385,271,1
17788.0,2011-08-02 10:38:00,2011-08-02 10:38:00,1,3,16.7,29,16.7,29,0
17789.0,2011-03-03 13:14:00,2011-03-03 13:14:00,1,74,225.9,181,225.9,181,1
17790.0,2010-12-10 10:47:00,2011-08-11 14:54:00,12,595,1363.51,20,113.62583333333333,264,0
17795.0,2011-03-20 12:02:00,2011-06-13 12:36:00,2,305,342.83,79,171.415,164,1
17796.0,2010-12-05 12:23:00,2011-01-30 12:42:00,3,158,614.1,213,204.70000000000002,269,0
17797.0,2011-06-10 11:29:00,2011-06-10 11:29:00,1,249,272.41,82,272.41,82,0
17799.0,2010-12-13 13:10:00,2011-06-29 12:46:00,8,1094,2128.33,63,266.04125,261,0
17800.0,2011-01-09 13:50:00,2011-08-14 12:41:00,6,451,765.3,17,127.55,234,0
17802.0,2010-12-02 13:44:00,2011-06-12 14:57:00,2,407,632.4200000000001,80,316.21000000000004,272,0
17809.0,2010-12-01 09:41:00,2011-08-02 15:40:00,8,743,2856.71,29,357.08875,273,0
17811.0,2011-01-10 10:58:00,2011-08-19 14:02:00,23,2221,4651.41,12,202.23521739130433,233,0
17812.0,2010-12-06 15:27:00,2010-12-06 15:27:00,1,127,193.29999999999998,268,193.29999999999998,268,0
17816.0,2010-12-09 14:10:00,2011-03-15 14:20:00,2,22,21.31,169,10.655,265,0
17817.0,2011-03-07 17:30:00,2011-03-07 17:42:00,2,26,269.7,177,134.85,177,0
17819.0,2010-12-03 14:26:00,2011-06-10 10:59:00,6,991,3468.47,82,578.0783333333333,271,0
17827.0,2010-12-10 10:18:00,2011-04-11 16:56:00,4,957,1580.47,142,395.1175,264,0
17828.0,2011-06-08 08:31:00,2011-08-22 09:03:00,3,481,1076.66,9,358.8866666666667,84,0
17829.0,2011-02-14 12:46:00,2011-02-14 12:46:00,1,496,889.24,198,889.24,198,1
17830.0,2011-02-24 10:15:00,2011-03-23 11:44:00,2,65,287.65000000000003,161,143.82500000000002,188,0
17837.0,2011-06-29 16:44:00,2011-07-14 18:44:00,3,102,376.51,48,125.50333333333333,63,0
17838.0,2010-12-02 15:55:00,2011-02-20 13:52:00,3,1022,1655.0,192,551.6666666666666,272,0
17841.0,2010-12-01 14:41:00,2011-08-28 13:18:00,78,12018,22216.4,3,284.82564102564106,273,0
17843.0,2011-02-09 15:33:00,2011-02-09 15:33:00,1,113,205.48,203,205.48,203,1
17844.0,2011-08-25 11:27:00,2011-08-25 11:27:00,1,52,51.559999999999995,6,51.559999999999995,6,1
17848.0,2010-12-16 18:38:00,2011-08-03 15:14:00,8,390,821.5999999999999,28,102.69999999999999,258,0
17849.0,2011-01-10 11:59:00,2011-05-05 13:46:00,4,114,605.8000000000001,118,151.45000000000002,233,1
17850.0,2010-12-01 08:26:00,2010-12-02 15:27:00,34,1733,5391.21,272,158.565,273,1
17854.0,2011-04-26 16:53:00,2011-06-07 16:21:00,2,84,311.26,85,155.63,127,1
17855.0,2010-12-02 09:44:00,2010-12-02 09:44:00,1,197,208.97,272,208.97,272,1
17856.0,2011-03-03 11:40:00,2011-04-20 13:13:00,3,577,1142.63,133,380.8766666666667,181,0
17857.0,2010-12-09 11:35:00,2011-08-22 13:55:00,13,7424,13692.92,9,1053.3015384615385,265,0
17858.0,2010-12-05 13:08:00,2011-08-15 14:51:00,9,2386,3641.25,16,404.5833333333333,269,0
17859.0,2011-02-08 10:32:00,2011-02-08 10:32:00,1,102,141.92000000000002,204,141.92000000000002,204,1
17860.0,2010-12-06 12:41:00,2010-12-06 12:41:00,1,93,226.45000000000002,268,226.45000000000002,268,1
17861.0,2011-01-24 11:34:00,2011-07-26 16:55:00,5,1052,1299.49,36,259.898,219,0
17862.0,2011-01-20 12:23:00,2011-01-20 12:23:00,1,100,330.9,223,330.9,223,1
17863.0,2010-12-05 13:21:00,2011-07-17 13:48:00,4,1617,1785.28,45,446.32,269,0
17864.0,2011-03-09 11:44:00,2011-03-09 11:44:00,1,347,200.85,175,200.85,175,0
17865.0,2010-12-10 14:53:00,2011-08-24 12:32:00,12,3533,7017.34,7,584.7783333333333,264,0
17866.0,2011-07-20 11:07:00,2011-07-20 11:07:00,1,174,329.65,42,329.65,42,1
17867.0,2011-02-24 12:25:00,2011-07-19 12:42:00,4,374,957.48,43,239.37,188,0
17869.0,2010-12-06 17:16:00,2011-08-24 16:16:00,5,111,428.18,7,85.636,268,1
17870.0,2010-12-08 08:12:00,2011-08-08 10:40:00,6,389,601.5699999999999,23,100.26166666666666,266,0
17871.0,2011-05-19 11:32:00,2011-05-19 11:32:00,1,182,155.9,104,155.9,104,1
17873.0,2010-12-01 14:54:00,2011-06-08 14:51:00,4,915,1576.92,84,394.23,273,0
17874.0,2011-03-29 11:25:00,2011-06-07 12:54:00,6,221,683.46,85,113.91000000000001,155,1
17877.0,2011-06-22 13:00:00,2011-06-22 13:00:00,1,98,237.61,70,237.61,70,1
17879.0,2011-06-19 12:36:00,2011-06-19 12:36:00,1,45,178.51999999999998,73,178.51999999999998,73,1
17880.0,2010-12-10 10:21:00,2010-12-10 10:21:00,1,314,458.92,264,458.92,264,1
17881.0,2011-02-08 17:16:00,2011-02-08 17:16:00,1,32,133.35000000000002,204,133.35000000000002,204,1
17883.0,2011-04-07 19:16:00,2011-04-07 19:16:00,1,48,119.35,146,119.35,146,0
17884.0,2010-12-03 12:11:00,2011-02-01 11:08:00,3,542,590.54,211,196.84666666666666,271,0
17886.0,2011-04-04 12:34:00,2011-05-13 10:22:00,2,218,377.71,110,188.855,149,0
17887.0,2011-08-02 17:29:00,2011-08-02 17:29:00,1,30,111.35,29,111.35,29,1
17888.0,2010-12-17 13:56:00,2011-07-01 13:17:00,4,538,297.0,61,74.25,257,0
17889.0,2011-01-21 17:14:00,2011-05-11 16:26:00,2,77,201.37,112,100.685,222,1
17890.0,2010-12-13 15:12:00,2011-01-21 11:19:00,2,402,586.89,222,293.445,261,1
17891.0,2011-06-30 20:08:00,2011-06-30 20:08:00,1,393,203.85999999999999,62,203.85999999999999,62,1
17892.0,2011-07-07 12:56:00,2011-07-07 12:56:00,1,69,142.1,55,142.1,55,0
17893.0,2011-04-28 13:50:00,2011-04-28 13:50:00,1,149,107.21,125,107.21,125,1
17894.0,2010-12-08 14:50:00,2011-02-27 14:49:00,6,320,867.0,185,144.5,266,0
17897.0,2010-12-01 12:31:00,2011-06-20 11:23:00,3,222,541.8100000000001,72,180.60333333333335,273,1
17898.0,2011-05-16 17:13:00,2011-05-16 17:13:00,1,124,99.84,107,99.84,107,0
17899.0,2011-07-03 14:58:00,2011-07-03 14:58:00,1,170,154.55,59,154.55,59,1
17900.0,2011-06-02 14:28:00,2011-06-02 14:38:00,2,73,112.19999999999999,90,56.099999999999994,90,1
17905.0,2010-12-01 13:21:00,2011-07-06 10:47:00,3,281,617.74,56,205.91333333333333,273,0
17906.0,2011-04-06 17:25:00,2011-04-06 17:25:00,1,26,72.9,147,72.9,147,1
17908.0,2010-12-01 11:45:00,2010-12-01 11:45:00,1,169,232.03,273,232.03,273,1
17912.0,2010-12-10 11:11:00,2011-02-02 14:25:00,5,184,310.06,210,62.012,264,1
17913.0,2010-12-19 11:35:00,2010-12-19 11:35:00,1,100,218.05,255,218.05,255,0
17917.0,2010-12-12 12:08:00,2011-03-28 16:37:00,2,130,226.71,156,113.355,262,0
17920.0,2010-12-01 11:49:00,2011-08-26 13:56:00,9,1531,2328.8,5,258.7555555555556,273,0
17921.0,2011-03-18 13:19:00,2011-07-14 18:56:00,3,288,595.47,48,198.49,166,0
17923.0,2011-03-02 15:15:00,2011-03-02 15:15:00,1,50,207.50000000000003,182,207.50000000000003,182,1
17924.0,2010-12-01 10:51:00,2011-02-11 11:38:00,2,108,502.20000000000005,201,251.10000000000002,273,0
17925.0,2010-12-02 10:10:00,2010-12-02 10:10:00,1,72,244.08,272,244.08,272,1
17926.0,2011-05-20 09:24:00,2011-07-29 14:39:00,2,306,397.29,33,198.645,103,1
17928.0,2011-04-07 18:03:00,2011-04-07 18:03:00,1,46,78.25999999999999,146,78.25999999999999,146,0
17929.0,2011-02-04 11:40:00,2011-08-19 08:57:00,3,92,707.0,12,235.66666666666666,208,0
17930.0,2011-04-14 15:46:00,2011-06-30 18:44:00,2,521,694.14,62,347.07,139,0
17931.0,2011-03-29 12:31:00,2011-07-28 18:33:00,2,249,408.36,34,204.18,155,1
17932.0,2011-05-12 13:58:00,2011-06-19 10:39:00,2,593,934.51,73,467.255,111,0
17935.0,2011-07-21 11:23:00,2011-07-24 13:18:00,2,82,145.79,38,72.895,41,1
17937.0,2010-12-12 14:43:00,2011-08-17 12:10:00,5,1416,3614.52,14,722.904,262,0
17939.0,2011-07-03 12:27:00,2011-07-03 12:27:00,1,40,99.14,59,99.14,59,1
17940.0,2011-02-10 09:29:00,2011-08-23 13:30:00,9,8723,3828.04,8,425.3377777777778,202,0
17941.0,2011-08-01 08:30:00,2011-08-01 08:30:00,1,252,304.56,30,304.56,30,1
17946.0,2011-03-25 14:34:00,2011-04-20 17:00:00,2,75,149.57999999999998,133,74.78999999999999,159,1
17948.0,2011-07-15 12:58:00,2011-07-15 12:58:00,1,144,358.56000000000006,47,358.56000000000006,47,1
17949.0,2010-12-03 13:12:00,2011-08-31 10:46:00,29,18902,45325.6,0,1562.951724137931,271,0
17950.0,2010-12-09 15:16:00,2010-12-09 15:20:00,2,186,263.17,265,131.585,265,0
17951.0,2010-12-01 12:40:00,2010-12-16 12:55:00,2,220,409.50000000000006,258,204.75000000000003,273,0
17954.0,2010-12-03 14:18:00,2011-08-08 13:46:00,10,1831,1885.21,23,188.52100000000002,271,0
17955.0,2011-05-04 12:29:00,2011-05-25 12:00:00,4,273,557.3,98,139.325,119,1
17956.0,2011-04-04 13:47:00,2011-04-04 13:47:00,1,1,12.75,149,12.75,149,1
17958.0,2011-08-15 12:19:00,2011-08-15 12:19:00,1,84,508.4599999999999,16,508.4599999999999,16,1
17960.0,2011-06-21 14:15:00,2011-06-21 14:15:00,1,41,73.78,71,73.78,71,1
17961.0,2010-12-02 19:18:00,2011-08-08 12:15:00,31,469,1179.62,23,38.052258064516124,272,0
17962.0,2011-07-20 14:16:00,2011-07-20 14:16:00,1,127,102.41,42,102.41,42,1
17964.0,2010-12-02 13:32:00,2010-12-02 13:32:00,1,195,261.76,272,261.76,272,0
17965.0,2010-12-05 15:54:00,2011-07-28 15:04:00,10,1129,1887.73,34,188.773,269,0
17966.0,2011-03-23 17:25:00,2011-07-11 15:28:00,4,1171,594.43,51,148.6075,161,0
17967.0,2010-12-03 11:19:00,2010-12-03 11:19:00,1,73,112.27,271,112.27,271,1
17968.0,2010-12-01 12:23:00,2010-12-01 12:23:00,1,151,265.1,273,265.1,273,1
17969.0,2010-12-13 15:34:00,2011-06-26 13:00:00,2,152,228.2,66,114.1,261,1
17970.0,2011-05-12 20:03:00,2011-05-12 20:03:00,1,513,562.79,111,562.79,111,1
17972.0,2011-04-12 12:16:00,2011-04-12 12:16:00,1,36,135.19,141,135.19,141,1
17974.0,2011-05-04 11:50:00,2011-05-04 11:50:00,1,85,164.07,119,164.07,119,0
17975.0,2010-12-08 11:38:00,2011-08-17 10:59:00,11,1364,3950.4500000000003,14,359.13181818181823,266,0
17976.0,2010-12-02 13:49:00,2010-12-02 13:49:00,1,93,321.79,272,321.79,272,1
17978.0,2010-12-09 14:05:00,2010-12-09 14:05:00,1,499,300.91999999999996,265,300.91999999999996,265,1
17979.0,2011-03-25 11:34:00,2011-06-24 10:44:00,3,272,494.54,68,164.84666666666666,159,0
17980.0,2010-12-15 15:50:00,2011-06-27 12:01:00,3,682,811.45,65,270.48333333333335,259,1
17984.0,2011-07-17 15:59:00,2011-07-17 15:59:00,1,98,152.68,45,152.68,45,1
17987.0,2011-06-07 14:22:00,2011-06-07 14:22:00,1,261,198.57,85,198.57,85,1
17988.0,2011-01-17 11:59:00,2011-08-14 15:56:00,5,27,146.0,17,29.2,226,0
17990.0,2010-12-13 12:10:00,2011-04-17 11:44:00,3,414,630.84,136,210.28,261,1
17991.0,2011-04-27 16:39:00,2011-04-28 15:58:00,2,25,93.35,125,46.675,126,1
17994.0,2011-02-22 11:02:00,2011-08-10 11:41:00,4,495,674.89,21,168.7225,190,1
17995.0,2011-03-03 12:30:00,2011-03-03 12:30:00,1,133,76.1,181,76.1,181,1
17997.0,2011-06-28 17:28:00,2011-07-29 17:28:00,4,1476,1268.51,33,317.1275,64,0
17999.0,2010-12-08 15:17:00,2010-12-08 15:17:00,1,94,190.34,266,190.34,266,0
18004.0,2010-12-12 13:47:00,2010-12-12 13:47:00,1,75,157.92,262,157.92,262,1
18008.0,2011-01-25 12:26:00,2011-05-20 16:56:00,7,1517,2065.41,103,295.0585714285714,218,0
18009.0,2011-04-18 13:36:00,2011-04-18 13:36:00,1,125,247.39,135,247.39,135,1
18010.0,2011-03-28 12:27:00,2011-03-28 12:27:00,1,60,174.8,156,174.8,156,1
18011.0,2010-12-01 17:35:00,2010-12-01 17:35:00,1,71,102.78999999999999,273,102.78999999999999,273,1
18013.0,2011-07-07 14:08:00,2011-07-07 14:11:00,2,285,187.29,55,93.645,55,1
18016.0,2010-12-10 17:14:00,2011-06-06 13:31:00,3,205,482.86,86,160.95333333333335,264,0
18017.0,2011-02-02 13:57:00,2011-06-23 15:48:00,2,200,344.0,69,172.0,210,0
18018.0,2011-05-24 13:22:00,2011-08-23 17:37:00,2,55,122.14,8,61.07,99,1
18024.0,2011-07-10 12:28:00,2011-07-10 12:40:00,2,184,389.78,52,194.89,52,1
18032.0,2011-01-09 15:32:00,2011-01-09 15:32:00,1,42,73.5,234,73.5,234,1
18036.0,2011-04-08 11:26:00,2011-08-26 12:55:00,2,153,253.69,5,126.845,145,0
18037.0,2010-12-12 16:20:00,2011-07-08 13:39:00,6,20,70.02,54,11.67,262,1
18040.0,2011-04-08 08:27:00,2011-04-08 08:27:00,1,96,239.0,145,239.0,145,0
18041.0,2010-12-02 11:21:00,2011-08-28 12:28:00,16,2716,2998.11,3,187.381875,272,0
18043.0,2010-12-08 12:35:00,2011-05-17 12:40:00,2,229,421.59,106,210.795,266,0
18044.0,2010-12-14 12:25:00,2011-06-26 13:31:00,7,651,1105.53,66,157.93285714285713,260,0
18048.0,2011-05-20 14:54:00,2011-05-20 14:58:00,2,127,172.29000000000002,103,86.14500000000001,103,1
18050.0,2010-12-15 14:25:00,2010-12-15 14:25:00,1,40,74.4,259,74.4,259,1
18055.0,2010-12-05 10:52:00,2011-08-03 12:55:00,7,1226,3672.86,28,524.6942857142857,269,0
18056.0,2011-02-24 14:27:00,2011-02-24 14:27:00,1,211,363.65,188,363.65,188,1
18061.0,2010-12-08 13:03:00,2011-08-24 08:49:00,8,901,1793.51,7,224.18875,266,0
18062.0,2011-01-06 10:03:00,2011-06-19 14:47:00,3,396,720.52,73,240.17333333333332,237,1
18064.0,2011-04-18 15:08:00,2011-07-29 16:39:00,2,384,814.0,33,407.0,135,1
18065.0,2010-12-10 12:44:00,2011-06-09 12:27:00,8,591,1412.15,83,176.51875,264,0
18068.0,2011-02-23 14:50:00,2011-02-23 14:50:00,1,6,101.69999999999999,189,101.69999999999999,189,1
18069.0,2011-01-16 15:50:00,2011-06-12 15:14:00,3,626,978.32,80,326.1066666666667,227,0
18071.0,2010-12-09 10:33:00,2011-03-27 11:59:00,2,260,453.0,157,226.5,265,1
18072.0,2011-06-07 10:44:00,2011-06-07 10:44:00,1,288,247.44,85,247.44,85,1
18073.0,2011-05-26 19:38:00,2011-08-17 14:02:00,12,3102,3859.82,14,321.6516666666667,97,1
18074.0,2010-12-01 09:53:00,2010-12-01 09:53:00,1,190,489.6,273,489.6,273,1
18075.0,2010-12-14 10:48:00,2011-08-25 15:10:00,8,1015,1957.75,6,244.71875,260,0
18077.0,2010-12-08 10:21:00,2011-08-28 12:29:00,7,1272,1622.34,3,231.76285714285714,266,0
18078.0,2011-03-25 15:08:00,2011-05-06 14:32:00,2,145,336.13,117,168.065,159,1
18079.0,2011-04-15 12:14:00,2011-08-05 11:00:00,2,5075,2206.18,26,1103.09,138,0
18080.0,2011-04-11 10:10:00,2011-04-11 10:10:00,1,330,841.4999999999999,142,841.4999999999999,142,0
18081.0,2011-07-29 11:56:00,2011-08-19 12:23:00,2,55,208.05,12,104.025,33,0
18085.0,2010-12-01 12:08:00,2011-01-13 15:17:00,2,265,689.95,230,344.975,273,1
18086.0,2011-03-10 13:34:00,2011-03-10 13:34:00,1,106,101.34,174,101.34,174,1
18087.0,2011-02-22 10:43:00,2011-02-22 10:43:00,1,3906,3202.9199999999996,190,3202.9199999999996,190,0
18092.0,2010-12-09 10:00:00,2011-08-12 12:37:00,8,3280,5851.48,19,731.435,265,0
18093.0,2011-02-10 12:15:00,2011-08-11 14:34:00,3,1212,2016.88,20,672.2933333333334,202,0
18094.0,2011-02-21 08:50:00,2011-07-26 14:42:00,5,2194,2402.3,36,480.46000000000004,191,0
18095.0,2011-01-11 12:37:00,2011-01-31 12:50:00,2,419,580.0500000000001,212,290.02500000000003,232,1
18097.0,2010-12-20 14:49:00,2011-08-05 10:32:00,5,1406,1986.2,26,397.24,254,0
18099.0,2011-08-04 15:52:00,2011-08-04 15:52:00,1,149,168.31,27,168.31,27,1
18101.0,2011-07-19 13:05:00,2011-07-19 13:05:00,1,25,110.23,43,110.23,43,0
18102.0,2010-12-07 16:42:00,2011-08-05 15:39:00,26,29793,130537.23,26,5020.662692307692,267,0
18106.0,2011-01-14 12:23:00,2011-01-14 12:23:00,1,126,421.9,229,421.9,229,1
18108.0,2011-03-30 13:56:00,2011-03-30 13:56:00,1,84,271.0,154,271.0,154,1
18109.0,2010-12-05 10:58:00,2011-08-21 12:21:00,17,3323,4433.02,10,260.7658823529412,269,0
18112.0,2011-06-26 13:56:00,2011-06-26 13:56:00,1,110,196.64,66,196.64,66,0
18113.0,2010-12-06 12:31:00,2010-12-06 12:31:00,1,72,76.32000000000001,268,76.32000000000001,268,1
18114.0,2011-02-22 13:20:00,2011-02-22 13:20:00,1,55,220.1,190,220.1,190,1
18116.0,2010-12-10 12:14:00,2011-04-19 16:14:00,7,667,1239.55,134,177.07857142857142,264,0
18118.0,2010-12-05 12:13:00,2011-07-15 10:44:00,18,2059,4064.06,47,225.7811111111111,269,0
18119.0,2010-12-07 11:59:00,2010-12-07 11:59:00,1,124,180.7,267,180.7,267,1
18120.0,2011-05-09 13:45:00,2011-05-09 13:45:00,1,31,111.15,114,111.15,114,1
18121.0,2011-07-08 12:14:00,2011-07-13 12:53:00,2,438,653.3,49,326.65,54,1
18122.0,2011-07-12 11:37:00,2011-07-12 11:37:00,1,69,119.19,50,119.19,50,0
18125.0,2011-01-27 15:02:00,2011-05-22 11:51:00,3,691,933.9,101,311.3,216,0
18127.0,2011-07-29 10:06:00,2011-07-29 10:06:00,1,28,139.6,33,139.6,33,0
18129.0,2011-04-10 14:16:00,2011-04-10 14:16:00,1,48,112.55000000000001,143,112.55000000000001,143,1
18133.0,2011-05-11 14:14:00,2011-05-11 14:14:00,1,1350,931.4999999999999,112,931.4999999999999,112,1
18135.0,2011-06-02 14:04:00,2011-06-02 14:04:00,1,88,109.82000000000001,90,109.82000000000001,90,0
18136.0,2011-01-24 12:08:00,2011-05-12 11:59:00,2,295,600.85,111,300.425,219,0
18138.0,2011-02-17 14:51:00,2011-02-17 14:51:00,1,38,152.65,195,152.65,195,1
18142.0,2011-05-08 12:31:00,2011-07-05 13:19:00,2,1276,1019.52,57,509.76,115,1
18143.0,2011-07-21 10:44:00,2011-08-15 12:07:00,2,570,1000.16,16,500.08,41,1
18144.0,2010-12-01 13:45:00,2011-08-22 09:21:00,9,1064,2165.55,9,240.61666666666667,273,0
18145.0,2011-01-31 12:10:00,2011-05-19 10:38:00,2,863,1023.78,104,511.89,212,0
18146.0,2011-05-03 16:35:00,2011-07-22 12:08:00,2,153,160.35000000000002,40,80.17500000000001,120,1
18147.0,2011-08-23 12:22:00,2011-08-23 12:22:00,1,80,98.88,8,98.88,8,0
18149.0,2011-03-11 12:44:00,2011-05-08 12:48:00,2,280,549.68,115,274.84,173,0
18150.0,2011-05-22 10:47:00,2011-07-22 15:43:00,2,236,413.28,40,206.64,101,0
18151.0,2011-02-23 08:29:00,2011-07-28 11:35:00,2,355,653.35,34,326.675,189,1
18155.0,2011-02-21 10:36:00,2011-06-22 11:59:00,2,196,266.56,70,133.28,191,0
18156.0,2010-12-05 12:29:00,2010-12-05 12:29:00,1,68,186.88,269,186.88,269,0
18159.0,2011-02-11 14:26:00,2011-02-11 14:26:00,1,139,530.15,201,530.15,201,1
18160.0,2011-05-23 13:41:00,2011-05-23 13:41:00,1,147,318.55,100,318.55,100,0
18161.0,2011-01-24 11:56:00,2011-07-22 13:31:00,3,387,771.26,40,257.08666666666664,219,0
18165.0,2011-06-15 13:23:00,2011-06-15 13:23:00,1,254,302.46000000000004,77,302.46000000000004,77,1
18167.0,2011-08-26 11:40:00,2011-08-26 11:40:00,1,122,498.48,5,498.48,5,0
18168.0,2010-12-02 18:08:00,2011-06-16 19:21:00,6,592,1160.04,76,193.34,272,1
18170.0,2011-05-06 15:13:00,2011-08-19 16:04:00,2,249,655.51,12,327.755,117,0
18171.0,2011-01-10 09:55:00,2011-06-30 09:59:00,3,220,684.4200000000001,62,228.14000000000001,233,0
18172.0,2011-02-23 10:44:00,2011-08-04 16:17:00,10,2180,5329.32,27,532.932,189,0
18173.0,2011-03-10 11:56:00,2011-05-24 14:25:00,3,1028,1728.8400000000001,99,576.2800000000001,174,0
18176.0,2010-12-16 15:45:00,2010-12-16 15:45:00,1,283,476.35,258,476.35,258,1
18177.0,2011-03-29 08:46:00,2011-07-05 10:23:00,5,543,1037.27,57,207.454,155,0
18178.0,2010-12-10 12:42:00,2011-08-03 09:30:00,4,983,1590.81,28,397.7025,264,1
18179.0,2011-01-07 14:22:00,2011-04-01 13:21:00,4,729,1103.16,152,275.79,236,0
18180.0,2011-07-20 08:59:00,2011-07-26 08:51:00,2,553,601.85,36,300.925,42,0
18183.0,2011-03-10 10:08:00,2011-04-26 15:26:00,2,371,632.07,127,316.035,174,1
18185.0,2011-04-04 13:42:00,2011-04-04 13:42:00,1,183,304.25,149,304.25,149,1
18188.0,2011-02-22 14:43:00,2011-02-22 14:43:00,1,164,426.6,190,426.6,190,0
18189.0,2011-03-17 09:49:00,2011-03-17 09:49:00,1,352,633.1,167,633.1,167,0
18190.0,2011-01-13 10:35:00,2011-05-31 14:48:00,2,140,284.46000000000004,92,142.23000000000002,230,1
18191.0,2011-03-23 12:08:00,2011-03-23 12:08:00,1,140,207.79999999999998,161,207.79999999999998,161,1
18193.0,2011-06-27 13:58:00,2011-06-27 13:58:00,1,124,243.76,65,243.76,65,1
18196.0,2011-02-22 16:13:00,2011-02-22 16:13:00,1,241,450.78,190,450.78,190,0
18198.0,2011-01-07 13:39:00,2011-08-31 11:50:00,14,3491,4427.39,0,316.2421428571429,236,0
18200.0,2011-08-25 18:45:00,2011-08-25 18:45:00,1,104,150.35,6,150.35,6,1
18202.0,2011-02-01 13:36:00,2011-05-24 12:12:00,3,581,1396.99,99,465.66333333333336,211,1
18203.0,2011-07-05 13:07:00,2011-07-05 13:07:00,1,43,160.42000000000002,57,160.42000000000002,57,1
18204.0,2011-05-31 15:26:00,2011-08-22 09:10:00,2,907,1358.87,9,679.435,92,0
18210.0,2011-03-17 16:58:00,2011-03-17 16:58:00,1,62,142.4,167,142.4,167,0
18211.0,2011-03-06 12:09:00,2011-07-26 12:24:00,2,152,268.7,36,134.35,178,0
18212.0,2011-01-17 16:14:00,2011-01-17 16:14:00,1,92,216.07,226,216.07,226,1
18213.0,2011-04-17 10:21:00,2011-04-17 10:21:00,1,232,232.48000000000002,136,232.48000000000002,136,1
18218.0,2011-03-03 12:24:00,2011-05-12 12:53:00,2,536,641.92,111,320.96,181,1
18219.0,2010-12-06 10:05:00,2011-07-13 13:33:00,8,596,1367.13,49,170.89125,268,0
18220.0,2011-04-27 09:03:00,2011-04-27 09:03:00,1,288,305.28000000000003,126,305.28000000000003,126,1
18221.0,2011-05-12 14:13:00,2011-08-16 10:50:00,3,446,706.86,15,235.62,111,0
18223.0,2010-12-16 16:42:00,2011-07-19 15:07:00,10,1541,3604.61,43,360.461,258,0
18224.0,2011-03-21 10:30:00,2011-03-21 10:30:00,1,69,158.95000000000002,163,158.95000000000002,163,1
18225.0,2010-12-09 15:46:00,2011-08-18 17:57:00,7,1582,2730.78,13,390.1114285714286,265,0
18226.0,2011-01-06 09:00:00,2011-08-11 10:45:00,9,2946,4251.03,20,472.33666666666664,237,0
18227.0,2011-05-06 12:23:00,2011-05-06 12:23:00,1,21,93.75,117,93.75,117,1
18229.0,2010-12-01 16:25:00,2011-08-21 10:35:00,13,1518,4864.06,10,374.15846153846155,273,0
18230.0,2011-02-10 13:06:00,2011-06-19 13:01:00,4,806,1643.2800000000002,73,410.82000000000005,202,0
18231.0,2011-02-24 09:08:00,2011-05-31 14:18:00,5,819,2071.77,92,414.354,188,1
18232.0,2011-05-26 16:30:00,2011-07-05 11:10:00,3,277,500.62,57,166.87333333333333,97,0
18233.0,2011-01-18 08:44:00,2011-01-18 08:44:00,1,4,440.0,225,440.0,225,1
18235.0,2011-05-06 13:35:00,2011-08-11 15:56:00,2,706,749.8,20,374.9,117,0
18236.0,2011-04-13 09:52:00,2011-08-02 15:53:00,4,310,641.19,29,160.2975,140,0
18237.0,2011-07-28 13:05:00,2011-08-12 12:44:00,2,361,566.59,19,283.295,34,0
18239.0,2010-12-02 17:48:00,2011-05-05 12:38:00,5,795,1561.6100000000001,118,312.322,272,1
18241.0,2011-05-06 09:22:00,2011-08-25 10:55:00,10,618,1205.78,6,120.578,117,0
18242.0,2011-05-10 11:20:00,2011-05-27 14:22:00,2,408,694.08,96,347.04,113,0
18245.0,2010-12-19 14:58:00,2011-07-13 14:29:00,6,1328,1672.81,49,278.8016666666667,255,0
18246.0,2011-04-20 13:55:00,2011-04-20 13:55:00,1,70,232.9,133,232.9,133,0
18248.0,2011-06-06 13:18:00,2011-08-09 10:19:00,2,511,804.02,22,402.01,86,1
18250.0,2011-02-02 13:16:00,2011-02-02 13:16:00,1,199,349.27,210,349.27,210,1
18252.0,2011-06-21 11:47:00,2011-06-21 11:47:00,1,18,69.89999999999999,71,69.89999999999999,71,0
18257.0,2011-02-16 15:13:00,2011-08-17 14:47:00,5,721,1562.8700000000001,14,312.574,196,0
18259.0,2010-12-08 13:38:00,2010-12-08 13:38:00,1,116,376.30000000000007,266,376.30000000000007,266,0
18260.0,2010-12-16 18:23:00,2011-06-20 12:37:00,6,1475,2628.35,72,438.05833333333334,258,1
18262.0,2011-07-22 16:04:00,2011-07-22 16:04:00,1,182,149.48,40,149.48,40,1
18263.0,2011-04-01 11:48:00,2011-07-07 10:04:00,2,1048,811.4,55,405.7,152,0
18265.0,2011-07-04 15:26:00,2011-07-04 15:26:00,1,224,488.55,58,488.55,58,0
18268.0,2011-07-28 19:13:00,2011-07-28 19:13:00,1,2,25.5,34,25.5,34,1
18269.0,2010-12-08 13:53:00,2010-12-08 13:53:00,1,76,168.6,266,168.6,266,1
18270.0,2011-03-18 12:41:00,2011-03-18 12:41:00,1,41,111.95,166,111.95,166,0
18272.0,2011-04-07 09:35:00,2011-08-18 12:06:00,4,1465,2106.45,13,526.6125,146,0
18273.0,2011-03-27 11:22:00,2011-03-27 11:22:00,1,20,51.0,157,51.0,157,0
18280.0,2011-03-07 09:52:00,2011-03-07 09:52:00,1,45,180.60000000000002,177,180.60000000000002,177,1
18281.0,2011-06-12 10:53:00,2011-06-12 10:53:00,1,54,80.82,80,80.82,80,1
18282.0,2011-08-05 13:35:00,2011-08-05 13:35:00,1,75,100.21000000000001,26,100.21000000000001,26,0
18283.0,2011-01-06 14:14:00,2011-07-14 13:20:00,9,624,951.93,48,105.77,237,0
18287.0,2011-05-22 10:39:00,2011-05-22 10:39:00,1,488,765.28,101,765.28,101,0
